Name,Gender,Age,15-30,31-50,51+,Class,FirstClass,Survive
"Allen, Miss Elizabeth Walton",Female,29,1,0,0,1,1,1
"Allison, Mr. Hudson Creighton",Male,30,1,0,0,1,1,0
"and chauffeur, Mr. George Swane",Male,19,1,0,0,1,1,0
"and cook, Miss Amelia Mary ""Mildred"" Brown",Female,18,1,0,0,1,1,1
"Allison, Mrs. Bessie Waldo (née Daniels)",Female,25,1,0,0,1,1,0
"and maid, Miss Sarah Daniels",Female,33,0,1,0,1,1,1
"Allison, Miss Helen Loraine",Female,2,0,0,0,1,1,0
"Allison, Master Hudson Trevor",Male,0,0,0,0,1,1,1
"and nurse, Miss Alice Catherine Cleaver",Female,22,1,0,0,1,1,1
"Anderson, Mr. Harry",Male,47,0,1,0,1,1,1
"Andrews, Miss Kornelia Theodosia",Female,62,0,0,1,1,1,1
"Andrews, Mr. Thomas",Male,39,0,1,0,1,1,0
"Appleton, Mrs. Charlotte Lane (née Lamson)",Female,53,0,0,1,1,1,1
"Artagaveytia, Mr. Ramon",Male,71,0,0,1,1,1,0
"Astor, Colonel John Jacob IV",Male,47,0,1,0,1,1,0
"Astor, Mrs. Madeleine Talmage (née Force)",Female,18,1,0,0,1,1,1
"and maid, Miss Rosalie Bidois",Female,46,0,1,0,1,1,1
"and nurse, Miss Caroline Louise Endres",Female,39,0,1,0,1,1,1
"Aubart, Mrs. Léontine Pauline",Female,24,1,0,0,1,1,1
"and maid, Miss Emma Sägesser",Female,24,1,0,0,1,1,1
"Barkworth, Mr. Algernon Henry Wilson",Male,47,0,1,0,1,1,1
"Baumann, Mr. John D.",Male,60,0,0,1,1,1,0
"Baxter, Mrs. Hélène (née de Lanaudière-Chaput)",Female,50,0,1,0,1,1,1
"Baxter, Mr. Quigg Edmond",Male,24,1,0,0,1,1,0
"Beattie, Mr. Thomson",Male,36,0,1,0,1,1,0
"Beckwith, Mr. Richard Leonard",Male,37,0,1,0,1,1,1
"Beckwith, Mrs. Sallie (née Monypeny)",Female,46,0,1,0,1,1,1
"Behr, Mr. Karl Howell",Male,26,1,0,0,1,1,1
"Birnbaum, Mr. Jakob",Male,24,1,0,0,1,1,0
"Bishop, Mr. Dickinson H. ""Dick""",Male,25,1,0,0,1,1,1
"Bishop, Mrs. Helen (née Walton)",Female,19,1,0,0,1,1,1
"Björnström-Steffansson, Mr. Mauritz Håkan",Male,28,1,0,0,1,1,1
"Blackwell, Mr. Stephen Weart",Male,45,0,1,0,1,1,0
"Blank, Mr. Henry",Male,39,0,1,0,1,1,1
"Bonnell, Miss Elizabeth",Female,61,0,0,1,1,1,1
"Bonnell, Miss Caroline",Female,30,1,0,0,1,1,1
"Borebank, Mr. John James",Male,42,0,1,0,1,1,0
"Bowerman, Miss Elsie Edith",Female,22,1,0,0,1,1,1
"Brady, Mr. John Bertram",Male,41,0,1,0,1,1,0
"Brandeis, Mr. Emil",Male,48,0,1,0,1,1,0
"Brereton, Mr. George Andrew (alias George A. Brayton)",Male,37,0,1,0,1,1,1
"Brewe, Dr. Arthur Jackson",Male,45,0,1,0,1,1,0
"Brown, Mrs. Caroline Lane (née Lamson)",Female,59,0,0,1,1,1,1
"Brown, Mrs. Margaret (née Tobin)",Female,44,0,1,0,1,1,1
"Bucknell, Mrs. Emma Eliza (née Ward)",Female,59,0,0,1,1,1,1
"and maid, Miss Albina Bazzani",Female,36,0,1,0,1,1,1
"Butt, Major Archibald Willingham",Male,46,0,1,0,1,1,0
"Calderhead, Mr. Edward Pennington",Male,42,0,1,0,1,1,1
"Candee, Mrs. Helen Churchill (née Hungerford)",Female,53,0,0,1,1,1,1
"Cardeza, Mrs. Charlotte Wardle (née Drake)",Female,58,0,0,1,1,1,1
"and maid, Miss Annie Moore Ward",Female,38,0,1,0,1,1,1
"Cardeza, Mr. Thomas Drake Martinez",Male,36,0,1,0,1,1,1
"and valet, Mr. Gustave J. Lesueur",Male,35,0,1,0,1,1,1
"Carlsson, Mr. Frans Olof",Male,33,0,1,0,1,1,0
"Carrau, Mr. Francisco M.",Male,31,0,1,0,1,1,0
"Carrau, Mr. José Pedro",Male,17,1,0,0,1,1,0
"Carter, Mr. William Ernest",Male,36,0,1,0,1,1,1
"and valet, Mr. Alexander Cairns",Male,28,1,0,0,1,1,0
"and chauffeur, Mr. Charles Augustus Aldworth",Male,30,1,0,0,1,1,0
"Carter, Mrs. Lucile (née Polk)",Female,36,0,1,0,1,1,1
"and maid, Miss Auguste Serreplan",Female,30,1,0,0,1,1,1
"Carter, Miss Lucile Polk",Female,13,0,0,0,1,1,1
"Carter, Master William Thornton II",Male,11,0,0,0,1,1,1
"Case, Mr. Howard Brown",Male,49,0,1,0,1,1,0
"Cassebeer, Mrs. Eleanor Genevieve (née Fosdick)",Female,36,0,1,0,1,1,1
"Cavendish, Mr. Tyrell William",Male,36,0,1,0,1,1,0
"Cavendish, Mrs. Julia Florence (née Siegel)",Female,25,1,0,0,1,1,1
"and maid, Miss Ellen ""Nellie"" Barber",Female,26,1,0,0,1,1,1
"Chaffee, Mr. Herbert Fuller",Male,46,0,1,0,1,1,0
"Chaffee, Mrs. Carrie Constance (née Toogood)",Female,47,0,1,0,1,1,1
"Chambers, Mr. Norman Campbell",Male,27,1,0,0,1,1,1
"Chambers, Mrs. Bertha (née Griggs)",Female,32,0,1,0,1,1,1
"Cherry, Miss Gladys",Female,30,1,0,0,1,1,1
"Chevré, Mr. Paul Romaine Marie Léonce",Male,45,0,1,0,1,1,1
"Chibnall, Mrs. Edith Martha Bowerman (née Barber)",Female,48,0,1,0,1,1,1
"Chisholm, Mr. Roderick Robert Crispin",Male,40,0,1,0,1,1,0
"Clark, Mr. Walter Miller",Male,27,1,0,0,1,1,0
"Clark, Mrs. Virginia Estelle (née McDowell)",Female,26,1,0,0,1,1,1
"Clifford, Mr. George Quincy",Male,40,0,1,0,1,1,0
"Colley, Mr. Edward Pomeroy",Male,37,0,1,0,1,1,0
"Compton, Mrs. Mary Eliza (née Ingersoll)",Female,64,0,0,1,1,1,1
"Compton, Miss Sara Rebecca ""Sadie""",Female,39,0,1,0,1,1,1
"Compton, Mr. Alexander Taylor Jr.",Male,37,0,1,0,1,1,0
"Cornell, Mrs. Malvina Helen (née Lamson)",Female,55,0,0,1,1,1,1
"Crafton, Mr. John Bertram",Male,59,0,0,1,1,1,0
"Crosby, Captain Edward",Male,70,0,0,1,1,1,0
"Crosby, Mrs. Catherine Elizabeth (née Halstead)",Female,64,0,0,1,1,1,1
"Crosby, Miss Harriette Rebecca",Female,39,0,1,0,1,1,1
"Cumings, Mr. John Bradley",Male,39,0,1,0,1,1,0
"Cumings, Mrs. Florence Briggs (née Thayer)",Female,35,0,1,0,1,1,1
"Daly, Mr. Peter Dennis",Male,51,0,0,1,1,1,1
"Daniel, Mr. Robert Williams",Male,27,1,0,0,1,1,1
"Davidson, Mr. Thornton",Male,31,0,1,0,1,1,0
"Davidson, Mrs. Orian (née Hays)",Female,27,1,0,0,1,1,1
"Dick, Mr. Albert Adrian",Male,31,0,1,0,1,1,1
"Dick, Mrs. Vera (née Gillespie)",Female,17,1,0,0,1,1,1
"Dodge, Dr. Washington",Male,52,0,0,1,1,1,1
"Dodge, Mrs. Ruth (née Vidaver)",Female,34,0,1,0,1,1,1
"Dodge, Master Washington, Jr.",Male,4,0,0,0,1,1,1
"Douglas, Mr. Walter Donald",Male,50,0,1,0,1,1,0
"Douglas, Mrs. Mahala (née Dutton)",Female,48,0,1,0,1,1,1
"and maid, Miss Berthe Leroy",Female,27,1,0,0,1,1,1
"Douglas, Mrs. Mary Hélène (née Baxter)",Female,27,1,0,0,1,1,1
"Duff Gordon, Sir Cosmo Edmund",Male,49,0,1,0,1,1,1
"Duff Gordon, Lucy Christiana, Lady (née Sutherland)",Female,48,0,1,0,1,1,1
"and secretary, Miss Laura Mabel Francatelli",Female,31,0,1,0,1,1,1
"Dulles, Mr. William Crothers",Male,39,0,1,0,1,1,0
"Eustis, Miss Elizabeth Mussey",Female,54,0,0,1,1,1,1
"Evans, Miss Edith Corse",Female,36,0,1,0,1,1,0
"Flegenheim, Mrs. Antoinette ""Tony"" (née Wendt)",Female,48,0,1,0,1,1,1
"Flynn, Mr. John Irwin",Male,36,0,1,0,1,1,1
"Foreman, Mr. Benjamin Laventall",Male,30,1,0,0,1,1,0
"Fortune, Mr. Mark",Male,64,0,0,1,1,1,0
"Fortune, Mrs. Mary (née McDougald)",Female,60,0,0,1,1,1,1
"Fortune, Miss Ethel Flora",Female,28,1,0,0,1,1,1
"Fortune, Miss Alice Elizabeth",Female,24,1,0,0,1,1,1
"Fortune, Miss Mabel Helen",Female,23,1,0,0,1,1,1
"Fortune, Mr. Charles Alexander",Male,19,1,0,0,1,1,0
"Franklin, Mr. Thomas Parnham",Male,37,0,1,0,1,1,0
"Frauenthal, Dr. Henry William",Male,49,0,1,0,1,1,1
"Frauenthal, Mrs. Clara (née Heinsheimer)",Female,42,0,1,0,1,1,1
"Frauenthal, Mr. Isaac Gerald",Male,43,0,1,0,1,1,1
"Frölicher, Mr. Maximilian Josef",Male,60,0,0,1,1,1,1
"Frölicher, Mrs. Margaretha Emerentia (née Stehli)",Female,48,0,1,0,1,1,1
"Frölicher-Stehli, Miss Hedwig Margaritha",Female,22,1,0,0,1,1,1
"Futrelle, Mr. Jacques Heath",Male,37,0,1,0,1,1,0
"Futrelle, Mrs. Lily May (née Peel)",Female,35,0,1,0,1,1,1
"Gee, Mr. Arthur H.",Male,47,0,1,0,1,1,0
"Gibson, Mrs. Pauline Caroline (née Boeson)",Female,44,0,1,0,1,1,1
"Gibson, Miss Dorothy Winifred",Female,22,1,0,0,1,1,1
"Goldenberg, Mr. Samuel L.",Male,47,0,1,0,1,1,1
"Goldenberg, Mrs. Nella (née Wiggins)",Female,40,0,1,0,1,1,1
"Goldschmidt, Mr. George B.",Male,71,0,0,1,1,1,0
"Gracie IV, Colonel Archibald",Male,53,0,0,1,1,1,1
"Graham, Mr. George Edward",Male,38,0,1,0,1,1,0
"Graham, Mrs. Edith Ware (née Junkins)",Female,59,0,0,1,1,1,1
"Graham, Miss Margaret Edith",Female,19,1,0,0,1,1,1
"and governess, Miss Elizabeth Weed Shutes",Female,40,0,1,0,1,1,1
"Greenfield, Mrs. Blanche (née Strouse)",Female,45,0,1,0,1,1,1
"Greenfield, Mr. William Bertram",Male,23,1,0,0,1,1,1
"Guggenheim, Mr. Benjamin",Male,46,0,1,0,1,1,0
"and valet, Mr. Victor Giglio",Male,24,1,0,0,1,1,0
"and chauffeur, Mr. René Pernot",Male,39,0,1,0,1,1,0
"Harder, Mr. George Achilles",Male,25,1,0,0,1,1,1
"Harder, Mrs. Dorothy (née Annan)",Female,21,1,0,0,1,1,1
"Harper, Mr. Henry Sleeper",Male,48,0,1,0,1,1,1
"and dragoman, Mr. Hammad Hassab",Male,27,1,0,0,1,1,1
"Harper, Mrs. Myra Raymond (née Haxtun)",Female,49,0,1,0,1,1,1
"Harris, Mr. Henry Birkhardt",Male,45,0,1,0,1,1,0
"Harris, Mrs. Irene ""Renee"" (née Wallach)",Female,35,0,1,0,1,1,1
"Hawksford, Mr. Walter James",Male,45,0,1,0,1,1,1
"Hays, Mr. Charles Melville",Male,55,0,0,1,1,1,0
"and clerk, Mr. Vivian Ponsonby Payne",Male,22,1,0,0,1,1,0
"Hays, Mrs. Clara Jennings (née Grigg)",Female,52,0,0,1,1,1,1
"and maid, Miss Mary Anne Perreault",Female,33,0,1,0,1,1,1
"Hays, Miss Margaret Bechstein",Female,24,1,0,0,1,1,1
"Head, Mr. Christopher",Male,42,0,1,0,1,1,0
"Hilliard, Mr. Herbert Henry",Male,44,0,1,0,1,1,0
"Hipkins, Mr. William Edward",Male,55,0,0,1,1,1,0
"Hippach, Mrs. Ida Sophia (née Fischer)",Female,44,0,1,0,1,1,1
"Hippach, Miss Jean Gertrude",Female,17,1,0,0,1,1,1
"Hogeboom, Mrs. Anna Louisa (née Andrews)",Female,51,0,0,1,1,1,1
"Holverson, Mr. Alexander Oskar",Male,42,0,1,0,1,1,0
"Holverson, Mrs. Mary Aline (née Towner)",Female,35,0,1,0,1,1,1
"Homer, Mr. Harry (alias E. Haven)",Male,40,0,1,0,1,1,1
"Hoyt, Mr. Frederick Maxfield",Male,35,0,1,0,1,1,1
"Hoyt, Mrs. Jane Anne (née Forby)",Female,31,0,1,0,1,1,1
"Hoyt, Mr. William Fisher",Male,42,0,1,0,1,1,0
"Isham, Miss Ann Elizabeth",Female,50,0,1,0,1,1,0
"Ismay, Mr. Joseph Bruce",Male,49,0,1,0,1,1,1
"and valet, Mr. John Richard Fry",Male,39,0,1,0,1,1,0
"and secretary, Mr. William Henry Harrison",Male,45,0,1,0,1,1,0
"Jones, Mr. Charles Cresson",Male,46,0,1,0,1,1,0
"Julian, Mr. Henry Forbes",Male,50,0,1,0,1,1,0
"Kent, Mr. Edward Austin",Male,58,0,0,1,1,1,0
"Kenyon, Mr. Frederick R.",Male,41,0,1,0,1,1,0
"Kenyon, Mrs. Marion (née Stauffer)",Female,31,0,1,0,1,1,1
"Kimball, Mr. Edwin Nelson Jr.",Male,42,0,1,0,1,1,1
"Kimball, Mrs. Gertrude (née Parsons)",Female,45,0,1,0,1,1,1
"Klaber, Mr. Herman",Male,45,0,1,0,1,1,0
"Lambert-Williams, Mr. Fletcher Fellows",Male,43,0,1,0,1,1,0
"Leader, Dr. Alice (née Farnham)",Female,49,0,1,0,1,1,1
"Leslie, Lucy Noël Martha, Countess of Rothes (née Dyer-Edwardes)",Female,34,0,1,0,1,1,1
"and maid, Miss Roberta Elizabeth Mary ""Cissy"" Maioni",Female,20,1,0,0,1,1,1
"Lewy, Mr. Ervin G.",Male,31,0,1,0,1,1,0
"Lindeberg-Lind, Mr. Erik Gustav (alias Edward Lingrey)",Male,42,0,1,0,1,1,0
"Lindström, Mrs. Sigrid (née Posse)",Female,55,0,0,1,1,1,1
"Lines, Mrs. Elizabeth Lindsey (née James)",Female,50,0,1,0,1,1,1
"Lines, Miss Mary Conover",Female,16,1,0,0,1,1,1
"Long, Mr. Milton Clyde",Male,29,1,0,0,1,1,0
"Longley, Miss Gretchen Fiske",Female,21,1,0,0,1,1,1
"Loring, Mr. Joseph Holland",Male,30,1,0,0,1,1,0
"Madill, Miss Georgette Alexandra",Female,16,1,0,0,1,1,1
"Maguire, Mr. John Edward",Male,30,1,0,0,1,1,0
"Maréchal, Mr. Pierre, Sr.",Male,28,1,0,0,1,1,1
"Marvin, Mr. Daniel Warner",Male,18,1,0,0,1,1,0
"Marvin, Mrs. Mary Graham Carmichael (née Farquarson)",Female,18,1,0,0,1,1,1
"Mayné, Miss Bertha Antonine",Female,24,1,0,0,1,1,1
"McCaffry, Mr. Thomas Francis",Male,46,0,1,0,1,1,0
"McCarthy, Mr. Timothy J.",Male,54,0,0,1,1,1,0
"McGough, Mr. James Robert",Male,35,0,1,0,1,1,1
"Meyer, Mr. Edgar Joseph",Male,28,1,0,0,1,1,0
"Meyer, Mrs. Leila (née Saks)",Female,25,1,0,0,1,1,1
"Millet, Mr. Francis Davis",Male,63,0,0,1,1,1,0
"Minahan, Dr. William Edward",Male,44,0,1,0,1,1,0
"Minahan, Mrs. Lillian E. (née Thorpe)",Female,37,0,1,0,1,1,1
"Minahan, Miss Daisy E.",Female,33,0,1,0,1,1,1
"Mock, Mr. Philipp Edmund",Male,30,1,0,0,1,1,1
"Molson, Mr. Harry Markland",Male,55,0,0,1,1,1,0
"Moore, Mr. Clarence",Male,47,0,1,0,1,1,0
"and valet, Mr. Charles Henry Harrington",Male,37,0,1,0,1,1,0
"Natsch, Mr. Charles",Male,36,0,1,0,1,1,0
"Newell, Mr. Arthur Webster",Male,58,0,0,1,1,1,0
"Newell, Miss Madeleine",Female,31,0,1,0,1,1,1
"Newell, Miss Marjorie Anne",Female,23,1,0,0,1,1,1
"Newsom, Miss Helen Monypeny",Female,19,1,0,0,1,1,1
"Nicholson, Mr. Arthur Ernest",Male,64,0,0,1,1,1,0
"Nourney, Mr. Alfred",Male,20,1,0,0,1,1,1
"Omont, Mr. Alfred Fernand",Male,29,1,0,0,1,1,1
"Ostby, Mr. Engelhart Cornelius",Male,64,0,0,1,1,1,0
"Ostby, Miss Helene Ragnhild",Female,22,1,0,0,1,1,1
"Ovies y Rodriguez, Mr. Servando José Florentino",Male,36,0,1,0,1,1,0
"Parr, Mr. William Henry Marsh",Male,29,1,0,0,1,1,0
"Partner, Mr. Austin",Male,40,0,1,0,1,1,0
"Pears, Mr. Thomas Clinton",Male,29,1,0,0,1,1,0
"Pears, Mrs. Edith (née Wearne)",Female,22,1,0,0,1,1,1
"Peñasco y Castellana, Mr. Victor",Male,24,1,0,0,1,1,0
"Peñasco y Castellana, Mrs. Maria Josefa (née Perez de Soto y Vallejo)",Female,22,1,0,0,1,1,1
"and maid, Doña Fermina Oliva y Ocana",Female,39,0,1,0,1,1,1
"Peuchen, Major Arthur Godfrey",Male,52,0,0,1,1,1,1
"Porter, Mr. Walter Chamberlain",Male,46,0,1,0,1,1,0
"Potter, Mrs. Lily Alexenia (née Wilson)",Female,56,0,0,1,1,1,1
"Reuchlin, The Honourable Mr. Johan George",Male,38,0,1,0,1,1,0
"Rheims, Mr. George Alexander Lucien",Male,36,0,1,0,1,1,1
"Robert, Mrs. Elisabeth Walton (née McMillan)",Female,43,0,1,0,1,1,1
"and maid, Miss Emilie Kreuchen",Female,29,1,0,0,1,1,1
"Roebling, Mr. Washington Augustus II",Male,31,0,1,0,1,1,0
"Romaine, Mr. Charles Hallance (alias C. Rolmane)",Male,45,0,1,0,1,1,1
"Rood, Mr. Hugh Roscoe",Male,38,0,1,0,1,1,0
"Rosenbaum, Miss Edith Louise",Female,34,0,1,0,1,1,1
"Rosenshine, Mr. George (alias George Thorne)",Male,46,0,1,0,1,1,0
"Ross, Mr. John Hugo",Male,36,0,1,0,1,1,0
"Rothschild, Mr. Martin",Male,46,0,1,0,1,1,0
"Rothschild, Mrs. Elizabeth Jane Anne (née Barrett)",Female,54,0,0,1,1,1,1
"Rowe, Mr. Alfred G.",Male,59,0,0,1,1,1,0
"Ryerson, Mr. Arthur Larned",Male,61,0,0,1,1,1,0
"Ryerson, Mrs. Emily Maria (née Borie)",Female,48,0,1,0,1,1,1
"and maid, Miss Victorine Chaudanson",Female,36,0,1,0,1,1,1
"Ryerson, Miss Susan Parker ""Suzette""",Female,21,1,0,0,1,1,1
"Ryerson, Miss Emily Borie",Female,18,1,0,0,1,1,1
"Ryerson, Master John Borie ""Jack""",Male,13,0,0,0,1,1,1
"and governess, Miss Grace Scott Bowen",Female,45,0,1,0,1,1,1
"Saalfeld, Mr. Adolphe",Male,47,0,1,0,1,1,1
"Salomon, Mr. Abraham Lincoln",Male,43,0,1,0,1,1,1
"Schabert, Mrs. Emma Mary Blake (née Mock)",Female,35,0,1,0,1,1,1
"Seward, Mr. Frederic Kimber",Male,34,0,1,0,1,1,1
"Silverthorne, Mr. Spencer Victor",Male,35,0,1,0,1,1,1
"Silvey, Mr. William Baird",Male,50,0,1,0,1,1,0
"Silvey, Mrs. Alice (née Munger)",Female,39,0,1,0,1,1,1
"Simonius-Blumer, Colonel Alfons",Male,56,0,0,1,1,1,1
"Sloper, Mr. William Thompson",Male,28,1,0,0,1,1,1
"Smart, Mr. John Montgomery",Male,56,0,0,1,1,1,0
"Smith, Mr. James Clinch",Male,56,0,0,1,1,1,0
"Smith, Mr. Lucien Philip",Male,24,1,0,0,1,1,0
"Smith, Mrs. Mary Eloise (née Hughes)",Female,18,1,0,0,1,1,1
"Smith, Mr. Richard William",Male,57,0,0,1,1,1,0
"Snyder, Mr. John Pillsbury",Male,24,1,0,0,1,1,1
"Snyder, Mrs. Nellie (née Stevenson)",Female,23,1,0,0,1,1,1
"Spedden, Mr. Frederic Oakley",Male,45,0,1,0,1,1,1
"Spedden, Mrs. Margaretta Corning (née Stone)",Female,39,0,1,0,1,1,1
"and maid, Miss Helen Alice Wilson",Female,31,0,1,0,1,1,1
"Spedden, Master Robert Douglas",Male,6,0,0,0,1,1,1
"and nurse, Miss Elizabeth Margaret Burns",Female,41,0,1,0,1,1,1
"Spencer, Mr. William Augustus",Male,57,0,0,1,1,1,0
"Spencer, Mrs. Marie Eugénie (née Demougeot)",Female,45,0,1,0,1,1,1
"and maid, Miss Eugenie Elise Lurette",Female,59,0,0,1,1,1,1
"Stähelin-Maeglin, Dr. Max",Male,32,0,1,0,1,1,1
"Stead, Mr. William Thomas",Male,62,0,0,1,1,1,0
"Stengel, Mr. Charles Emil Henry",Male,54,0,0,1,1,1,1
"Stengel, Mrs. Annie May (née Morris)",Female,44,0,1,0,1,1,1
"Stephenson, Mrs. Martha (née Eustis)",Female,52,0,0,1,1,1,1
"Stewart, Mr. Albert A.",Male,54,0,0,1,1,1,0
"Stone, Mrs. Martha Evelyn (née Stevens)",Female,62,0,0,1,1,1,1
"and maid, Miss Amelie ""Amelia"" Icard",Female,38,0,1,0,1,1,1
"Straus, Mr. Isidor",Male,67,0,0,1,1,1,0
"and valet, Mr. John Farthing",Male,57,0,0,1,1,1,0
"Straus, Mrs. Rosalie Ida (née Blun)",Female,63,0,0,1,1,1,0
"and maid, Miss Ellen Bird",Female,31,0,1,0,1,1,1
"Sutton, Mr. Frederick",Male,61,0,0,1,1,1,0
"Swift, Mrs. Margaret Welles (née Barron)",Female,46,0,1,0,1,1,1
"Taussig, Mr. Emil",Male,52,0,0,1,1,1,0
"Taussig, Mrs. Tillie (née Mandelbaum)",Female,39,0,1,0,1,1,1
"Taussig, Miss Ruth",Female,18,1,0,0,1,1,1
"Taylor, Mr. Elmer Zebley",Male,48,0,1,0,1,1,1
"Taylor, Mrs. Juliet Cummins (née Wright)",Female,48,0,1,0,1,1,1
"Thayer, Mr. John Borland II",Male,49,0,1,0,1,1,0
"Thayer, Mrs. Marian Longsteth (née Morris)",Female,39,0,1,0,1,1,1
"and maid, Miss Margaret Fleming",Female,42,0,1,0,1,1,1
"Thayer, Mr. John Borland ""Jack"" III",Male,17,1,0,0,1,1,1
"Thorne, Mrs. Gertrude Maybelle (née McMinn)",Female,37,0,1,0,1,1,1
"Tucker, Mr. Gilbert Milligan Jr.",Male,31,0,1,0,1,1,1
"Uruchurtu, Don Manuel E.",Male,39,0,1,0,1,1,0
"Van der Hoef, Mr. Wyckoff",Male,61,0,0,1,1,1,0
"Walker, Mr. William Anderson",Male,48,0,1,0,1,1,0
"Warren, Mr. Frank Manley",Male,63,0,0,1,1,1,0
"Warren, Mrs. Anna Sophia (née Atkinson)",Female,60,0,0,1,1,1,1
"Weir, Colonel John",Male,59,0,0,1,1,1,0
"White, Mr. Percival Wayland",Male,54,0,0,1,1,1,0
"White, Mr. Richard Frasar",Male,21,1,0,0,1,1,0
"White, Mrs. Ella (née Holmes)",Female,55,0,0,1,1,1,1
"and maid, Miss Amelia Mayo ""Nellie"" Bessette",Female,39,0,1,0,1,1,1
"and manservant, Mr. Sante Righini",Male,22,1,0,0,1,1,0
"Wick, Colonel George Dennick",Male,58,0,0,1,1,1,0
"Wick, Mrs. Mary (née Hitchcock)",Female,45,0,1,0,1,1,1
"Wick, Miss Mary Natalie",Female,31,0,1,0,1,1,1
"Widener, Mr. George Dunton",Male,50,0,1,0,1,1,0
"and valet, Mr. Edwin Herbert Keeping",Male,33,0,1,0,1,1,0
"Widener, Mrs. Eleanor (née Elkins)",Female,50,0,1,0,1,1,1
"and maid, Miss Amalie Henriette ""Emily"" Gieger",Female,35,0,1,0,1,1,1
"Widener, Mr. Harry Elkins",Male,27,1,0,0,1,1,0
"Willard, Miss Constance",Female,21,1,0,0,1,1,1
"Williams, Mr. Charles Duane",Male,51,0,0,1,1,1,0
"Williams, Mr. Richard Norris II",Male,21,1,0,0,1,1,1
"Woolner, Mr. Hugh",Male,45,0,1,0,1,1,1
"Wright, Mr. George",Male,62,0,0,1,1,1,0
"Young, Miss Marie Grice",Female,36,0,1,0,1,1,1
"Abelson, Mr. Samuel",Male,30,1,0,0,2,0,0
"Abelson, Mrs. Anna (née Wizosky?)",Female,28,1,0,0,2,0,1
"Andrew, Mr. Edgar Samuel",Male,17,1,0,0,2,0,0
"Andrew, Mr. Frank Thomas",Male,30,1,0,0,2,0,0
"Angle, Mr. William A.",Male,32,0,1,0,2,0,0
"Angle, Mrs. Florence Agnes ""Mary"" (née Hughes)",Female,36,0,1,0,2,0,1
"Ashby, Mr. John",Male,57,0,0,1,2,0,0
"Bailey, Mr. Percy Andrew",Male,18,1,0,0,2,0,0
"Bainbrigge, Mr. Charles Robert",Male,23,1,0,0,2,0,0
"Ball, Mrs. Ada E. (née Hall)",Female,36,0,1,0,2,0,1
"Banfield, Mr. Frederick James",Male,28,1,0,0,2,0,0
"Bateman, Reverend Robert James",Male,51,0,0,1,2,0,0
"Beane, Mr. Edward",Male,32,0,1,0,2,0,1
Beane. Mrs. Ethel (née Clarke),Female,19,1,0,0,2,0,1
"Beauchamp, Mr. Henry James",Male,28,1,0,0,2,0,0
"Becker, Mrs. Nellie E. (née Baumgardner)",Female,35,0,1,0,2,0,1
"Becker, Miss Ruth Elizabeth",Female,12,0,0,0,2,0,1
"Becker, Miss Marion Louise",Female,4,0,0,0,2,0,1
"Becker, Master Richard Frederick",Male,1,0,0,0,2,0,1
"Beesley, Mr. Lawrence",Male,34,0,1,0,2,0,1
"Bentham, Miss Lillian W.",Female,19,1,0,0,2,0,1
"Berriman, Mr. William John",Male,23,1,0,0,2,0,0
"Botsford, Mr. William Hull",Male,25,1,0,0,2,0,0
"Bowenur, Mr. Solomon",Male,42,0,1,0,2,0,0
"Bracken, Mr. James H.",Male,29,1,0,0,2,0,0
"Brailey, Mr. W. Theodore Ronald",Male,24,1,0,0,2,0,0
"Bricoux, Mr. Roger Marie",Male,20,1,0,0,2,0,0
"Brito, Mr. José Joaquim",Male,32,0,1,0,2,0,0
"Brown, Mr. Thomas William Solomon",Male,60,0,0,1,2,0,0
"Brown, Mrs. Elizabeth Catherine (née Ford)",Female,40,0,1,0,2,0,1
"Brown, Miss Edith Eileen",Female,15,1,0,0,2,0,1
"Bryhl, Mr. Kurt Arnold Gottfrid",Male,25,1,0,0,2,0,0
"Bryhl, Miss Dagmar Jenny Ingeborg",Female,20,1,0,0,2,0,1
"Buss, Miss Kate",Female,36,0,1,0,2,0,1
"Butler, Mr. Reginald Fenton",Male,25,1,0,0,2,0,0
"Byles, Father Thomas Roussel Davids",Male,42,0,1,0,2,0,0
"Byström, Miss Karolina",Female,42,0,1,0,2,0,1
"Caldwell, Mr. Albert Francis",Male,26,1,0,0,2,0,1
"Caldwell, Mrs. Sylvia Mae (née Harbaugh)",Female,28,1,0,0,2,0,1
"Caldwell, Master Alden Gates",Male,0,0,0,0,2,0,1
"Cameron, Miss Clear Annie",Female,35,0,1,0,2,0,1
"Campbell, Mr. William Henry",Male,21,1,0,0,2,0,0
"Carbines, Mr. William",Male,19,1,0,0,2,0,0
"Carter, Father Ernest Courtenay",Male,54,0,0,1,2,0,0
"Carter, Mrs. Lilian (née Hughes)",Female,45,0,1,0,2,0,0
"Chapman, Mr. Charles Henry",Male,52,0,0,1,2,0,0
"Chapman, Mr. John Henry",Male,36,0,1,0,2,0,0
"Chapman, Mrs. Sara Elizabeth (née Lawry)",Female,28,1,0,0,2,0,0
"Christy, Mrs. Alice Frances",Female,45,0,1,0,2,0,1
"Christy, Miss Rachel Julie Cohen",Female,25,1,0,0,2,0,1
"Clarke, Mr. Charles Valentine",Male,29,1,0,0,2,0,0
"Clarke, Mrs. Ada Maria",Female,28,1,0,0,2,0,1
"Clarke, Mr. John Frederick Preston",Male,30,1,0,0,2,0,0
"Coleridge, Mr. Reginald Charles",Male,29,1,0,0,2,0,0
"Collander, Mr. Erik Gustaf",Male,27,1,0,0,2,0,0
"Collett, Mr. Sidney Clarence Stuart",Male,25,1,0,0,2,0,1
"Collyer, Mr. Harvey",Male,31,0,1,0,2,0,0
"Collyer, Mrs. Charlotte Annie (née Tate)",Female,31,0,1,0,2,0,1
"Collyer, Miss Marjorie Charlotte ""Lottie""",Female,8,0,0,0,2,0,1
"Cook, Mrs. Selena (née Rogers)",Female,22,1,0,0,2,0,1
"Corbett, Mrs. Irene (née Colvin)",Female,30,1,0,0,2,0,0
"Corey, Mrs. Mary Phyllis Elizabeth (née Miller)",Female,30,0,0,0,2,0,0
"Cotterill, Mr. Henry ""Harry""",Male,20,1,0,0,2,0,0
"Cunningham, Mr. Alfred Fleming",Male,21,1,0,0,2,0,0
"Davies, Mr. Charles Henry",Male,21,0,0,0,2,0,0
"Davies, Mrs. Elizabeth Agnes Mary (née White)",Female,48,0,1,0,2,0,1
"Davies, Master John Morgan Jr.",Male,8,0,0,0,2,0,1
"Davis, Miss Mary",Female,28,1,0,0,2,0,1
"Deacon, Mr. Percy William",Male,20,1,0,0,2,0,0
"del Carlo, Mr. Sebastiano",Male,29,1,0,0,2,0,0
"del Carlo, Mrs. Argene (née Genovesi)",Female,24,1,0,0,2,0,1
"Denbuoy, Mr. Albert ""Herbert""",Male,25,1,0,0,2,0,0
"Dibden, Mr. William",Male,18,1,0,0,2,0,0
"Doling, Mrs. Ada Julia (née Bone)",Female,34,0,1,0,2,0,1
"Doling, Miss Elsie",Female,19,1,0,0,2,0,1
"Douton, Mr. William Joseph",Male,55,0,0,1,2,0,0
"Drew, Mr. James Vivian",Male,42,0,1,0,2,0,0
"Drew, Mrs. Lulu Thorne (née Christian)",Female,34,0,1,0,2,0,1
"Drew, Master Marshall Brines",Male,8,0,0,0,2,0,1
"Duran y More, Miss Florentina",Female,30,1,0,0,2,0,1
"Duran y More, Miss Asunción",Female,27,1,0,0,2,0,1
"Fahlstrøm, Mr. Arne Joma",Male,18,1,0,0,2,0,0
"Faunthorpe, Mr. Harry Bartram",Male,40,0,1,0,2,0,0
"Fillbrook, Mr. Joseph Charles",Male,18,1,0,0,2,0,0
"Fox, Mr. Stanley Hubert",Male,38,0,1,0,2,0,0
"Frost, Mr. Anthony Wood ""Artie""",Male,37,0,1,0,2,0,0
"Funk, Miss Annie Clemmer",Female,38,0,1,0,2,0,0
"Fynney, Mr. Joseph J.",Male,35,0,1,0,2,0,0
"Gale, Mr. Harry",Male,38,0,1,0,2,0,0
"Gale, Mr. Shadrach",Male,33,0,1,0,2,0,0
"Garside, Miss Ethel",Female,34,0,1,0,2,0,1
"Gaskell, Mr. William Alfred",Male,18,1,0,0,2,0,0
"Gavey, Mr. Laurence",Male,26,1,0,0,2,0,0
"Gilbert, Mr. William",Male,47,0,1,0,2,0,0
"Giles, Mr. Edgar",Male,21,1,0,0,2,0,0
"Giles, Mr. Frederick Edward",Male,20,1,0,0,2,0,0
"Giles, Mr. Ralph",Male,25,1,0,0,2,0,0
"Gill, Mr. John William",Male,24,1,0,0,2,0,0
"Gillespie, Mr. William Henry",Male,34,0,1,0,2,0,0
"Givard, Mr. Hans Kristensen",Male,30,1,0,0,2,0,0
"Greenberg, Mr. Samuel",Male,52,0,0,1,2,0,0
"Hale, Mr. Reginald",Male,30,1,0,0,2,0,0
"Hämäläinen, Mrs. Anna (Anna Hamlin)",Female,24,1,0,0,2,0,1
"Hämäläinen, Master Viljo Unto Johannes (William Hamlin)",Male,1,0,0,0,2,0,1
"Harbeck, Mr. William H.",Male,44,0,1,0,2,0,0
"Harper, The Reverend John",Male,39,0,1,0,2,0,0
"Harper, Miss Annie Jessie ""Nina""",Female,6,0,0,0,2,0,1
"Harris, Mr. George",Male,62,0,0,1,2,0,1
"Harris, Mr. Walter",Male,30,1,0,0,2,0,0
"Hart, Mr. Benjamin",Male,47,0,1,0,2,0,0
"Hart, Mrs. Esther Ada (née Bloomfield)",Female,48,0,1,0,2,0,1
"Hart, Miss Eva Miriam",Female,7,0,0,0,2,0,1
"Hartley, Mr. Wallace Henry",Male,33,0,1,0,2,0,0
"Herman, Mr. Samuel",Male,49,0,1,0,2,0,0
"Herman, Mrs. Jane (née Laver)",Female,48,0,1,0,2,0,1
"Herman, Miss Alice",Female,24,1,0,0,2,0,1
"Herman, Miss Kate",Female,24,1,0,0,2,0,1
"Hewlett, Mrs. Mary Dunbar (née Kingcome)",Female,56,0,0,1,2,0,1
"Hickman, Mr. Lewis",Male,30,1,0,0,2,0,0
"Hickman, Mr. Leonard Mark",Male,24,1,0,0,2,0,0
"Hickman, Mr. Stanley George",Male,20,1,0,0,2,0,0
"Hiltunen, Miss Martta",Female,18,1,0,0,2,0,0
"Hocking, Mrs. Elizabeth ""Eliza"" (née Neads)",Female,54,0,0,1,2,0,1
"Hocking, Mr. Richard George",Male,23,1,0,0,2,0,0
"Hocking, Miss Ellen ""Nellie""",Female,20,1,0,0,2,0,1
"Hocking, Mr. Samuel James Metcalfe",Male,36,0,1,0,2,0,0
"Hodges, Mr. Henry Price",Male,50,0,1,0,2,0,0
"Hold, Mr. Stephen",Male,44,0,1,0,2,0,0
"Hold, Mrs. Annie Margaret (née Hill)",Female,29,1,0,0,2,0,1
"Hood, Mr. Ambrose Jr.",Male,21,1,0,0,2,0,0
"Hosono, Mr. Masabumi",Male,41,0,1,0,2,0,1
"Howard, Mr. Benjamin",Male,63,0,0,1,2,0,0
"Howard, Mrs. Ellen Truelove (née Arman)",Female,60,0,0,1,2,0,0
"Hume, Mr. John Law ""Jock""",Male,21,1,0,0,2,0,0
"Hunt, Mr. George Henry",Male,33,0,1,0,2,0,0
"Ilett, Miss Bertha",Female,17,1,0,0,2,0,1
"Jacobsohn, Mr. Sidney Samuel",Male,40,0,1,0,2,0,0
"Jacobsohn, Mrs. Amy Frances Christy (née Cohen)",Female,24,1,0,0,2,0,1
"Jarvis, Mr. Denzil John",Male,47,0,1,0,2,0,0
"Jefferys, Mr. Clifford Thomas",Male,24,1,0,0,2,0,0
"Jefferys, Mr. Ernest Wilifred",Male,22,1,0,0,2,0,0
"Jenkin, Mr. Stephen Curnow",Male,32,0,1,0,2,0,0
"Jerwan, Mrs. Marie Marthe (née Thuillard)",Female,23,1,0,0,2,0,1
"Kantor, Mr. Sinai",Male,34,0,1,0,2,0,0
"Kantor, Mrs. Miriam (née Sternin)",Female,24,1,0,0,2,0,1
"Karnes, Mrs. Claire (née Bennett)",Female,28,1,0,0,2,0,0
"Keane, Mr. Daniel",Male,35,0,1,0,2,0,0
"Keane, Miss Nora Agnes",Female,46,0,1,0,2,0,1
"Kelly, Miss Florence ""Fannie""",Female,45,0,1,0,2,0,1
"Kirkland, Reverend Charles Leonard",Male,52,0,0,1,2,0,0
"Knight, Mr. Robert J.",Male,39,0,1,0,2,0,0
"Krins, Mr. Georges Alexandré",Male,23,1,0,0,2,0,0
"Kvillner, Mr. Johan Henrik Johannesson",Male,31,0,1,0,2,0,0
"Lahtinen, Reverend William",Male,35,0,1,0,2,0,0
"Lahtinen, Mrs. Anna Amelia (née Sylfvén)",Female,26,1,0,0,2,0,0
"Lamb, Mr. John Joseph",Male,30,1,0,0,2,0,0
"Laroche, Mr. Joseph Philippe Lemercier",Male,25,1,0,0,2,0,0
"Laroche, Mrs. Juliette Marie Louise (née Lafargue)",Female,22,1,0,0,2,0,1
"Laroche, Miss Simone Marie Anne Andrée",Female,3,0,0,0,2,0,1
"Laroche, Miss Louise Marguerite",Female,1,0,0,0,2,0,1
"Lehmann, Miss Bertha",Female,17,1,0,0,2,0,1
"Leitch, Miss Jessie Wills",Female,31,0,1,0,2,0,1
"Lemore, Mrs. Amelia ""Milley"" (née Hunt)",Female,34,0,1,0,2,0,1
"Levy, Mr. René Jacques",Male,36,0,1,0,2,0,0
"Leyson, Mr. Robert William Norman",Male,25,1,0,0,2,0,0
"Lingane, Mr. John",Male,61,0,0,1,2,0,0
"Louch, Mr. Charles Alexander",Male,50,0,1,0,2,0,0
"Louch, Mrs. Alice Adelaide (née Slow)",Female,42,0,1,0,2,0,1
"Mack, Mrs. Mary (née Lacy)",Female,57,0,0,1,2,0,0
"Malachard, Mr. Jean-Noël",Male,25,1,0,0,2,0,0
"Mallet, Mr. Albert",Male,31,0,1,0,2,0,0
"Mallet, Mrs. Antoinette Marie (née Magnin)",Female,24,1,0,0,2,0,1
"Mallet, Master André Clément",Male,1,0,0,0,2,0,1
"Mangiavacchi, Mr. Serafino Emilio",Male,30,1,0,0,2,0,0
"Matthews, Mr. William John",Male,30,1,0,0,2,0,0
"Maybery, Mr. Frank Hubert",Male,36,0,1,0,2,0,0
"McCrae, Mr. Arthur Gordon",Male,32,0,1,0,2,0,0
"McCrie, Mr. James Matthew",Male,32,0,1,0,2,0,0
"McKane, Mr. Peter David",Male,46,0,1,0,2,0,0
"Mellinger, Mrs. Elizabeth Anne (née Maidment)",Female,41,0,1,0,2,0,1
"Mellinger, Miss Madeleine Violet",Female,13,0,0,0,2,0,1
"Mellors, Mr. William John",Male,19,1,0,0,2,0,1
"Meyer, Mr. August",Male,31,0,1,0,2,0,0
"Milling, Mr. Jacob Christian",Male,48,0,1,0,2,0,0
"Mitchell, Mr. Henry Michael",Male,71,0,0,1,2,0,0
"Montvila, Father Juozas",Male,27,1,0,0,2,0,0
"Moraweck, Dr. Ernest",Male,54,0,0,1,2,0,0
"Morley, Mr. Henry Samuel (alias Mr. Henry Marshall)",Male,38,0,1,0,2,0,0
"Mudd, Mr. Thomas Charles",Male,16,1,0,0,2,0,0
"Myles, Mr. Thomas Francis",Male,63,0,0,1,2,0,0
"Nassr Allah, Mr. Niqula Khalil",Male,28,1,0,0,2,0,0
"Nassr Allah, Mrs. Adal (née Akim)[74][89]",Female,17,1,0,0,2,0,1
"Navratil, Mr. Michel (alias Charles Hoffman)[23]",Male,32,0,1,0,2,0,0
"Navratil, Master Michel Marcel (alias John Hoffman)[90]",Male,3,0,0,0,2,0,1
"Navratil, Master Edmond Roger (alias Fred Hoffman)[91]",Male,2,0,0,0,2,0,1
"Nesson, Mr. Israel",Male,26,1,0,0,2,0,0
"Nicholls, Mr. Joseph Charles ""Joe""",Male,19,1,0,0,2,0,0
"Norman, Mr. Robert Douglas",Male,28,1,0,0,2,0,0
"Nye, Mrs. Elizabeth (née Ramell)",Female,29,1,0,0,2,0,1
"Otter, Mr. Richard",Male,39,0,1,0,2,0,0
"Oxenham, Mr. Percy Thomas",Male,22,1,0,0,2,0,1
"Padron Manent, Mr. Julian",Male,26,1,0,0,2,0,1
"Pain, Dr. Alfred ""Alf""",Male,23,1,0,0,2,0,0
"Pallas y Castello, Mr. Emilio",Male,29,1,0,0,2,0,1
"Parker, Mr. Clifford Richard",Male,28,1,0,0,2,0,0
"Parkes, Mr. Francis ""Frank""[72]",Male,18,1,0,0,2,0,0
"Parrish, Mrs. Lutie Davis (née Temple)",Female,60,0,0,1,2,0,1
"Pengelly, Mr. Frederick William",Male,19,1,0,0,2,0,0
"Peruschitz, Father Josef",Male,28,1,0,0,2,0,0
"Phillips, Mr. Escott Robert",Male,42,0,1,0,2,0,0
"Phillips, Miss Alice Frances Louisa",Female,21,1,0,0,2,0,1
"Phillips, Miss Kate Florence (alias Mrs. Kate Marshall)[8][92]",Female,19,1,0,0,2,0,1
"Pinsky, Mrs. Rosa",Female,21,1,0,0,2,0,1
"Ponesell, Mr. Martin",Male,34,0,1,0,2,0,0
"Portaluppi, Mr. Emilio Ilario Giuseppe",Male,34,0,1,0,2,0,1
"Pulbaum, Mr. Franz",Male,27,1,0,0,2,0,0
"Quick, Mrs. Jane (née Richards)",Female,33,0,1,0,2,0,1
"Quick, Miss Winnifred Vera",Female,8,0,0,0,2,0,1
"Quick, Miss Phyllis May",Female,2,0,0,0,2,0,1
"Reeves, Mr. David",Male,36,0,1,0,2,0,0
"Renouf, Mr. Peter Henry",Male,33,0,1,0,2,0,0
"Renouf, Mrs. Lillian ""Lily"" (née Jefferys)",Female,30,1,0,0,2,0,1
"Reynaldo, Miss Encarnación",Female,28,1,0,0,2,0,1
"Richard, Mr. Emile Philippe",Male,23,1,0,0,2,0,0
"Richards, Mrs. Emily (née Hocking)",Female,23,1,0,0,2,0,1
"Richards, Master William Rowe",Male,3,0,0,0,2,0,1
"Richards, Master Sibley George",Male,0,0,0,0,2,0,1
"Ridsdale, Miss Lucy",Female,50,0,1,0,2,0,1
"Rogers, Mr. Reginald Harry",Male,18,1,0,0,2,0,0
"Rugg, Miss Emily",Female,21,1,0,0,2,0,1
"Schmidt, Mr. August",Male,26,1,0,0,2,0,0
"Sedgwick, Mr. Charles Frederick Waddington",Male,25,1,0,0,2,0,0
"Sharp, Mr. Percival James",Male,27,1,0,0,2,0,0
"Shelley, Mrs. Imanita (née Parrish Hall)",Female,25,1,0,0,2,0,1
"Silvén, Miss Lyyli Karolina",Female,17,1,0,0,2,0,1
"Sincock, Miss Maude",Female,20,1,0,0,2,0,1
"Sinkkonen, Miss Anna",Female,30,1,0,0,2,0,1
"Sjöstedt, Mr. Ernst Adolf",Male,30,1,0,0,2,0,1
"Slayter, Miss Hilda Mary",Female,30,1,0,0,2,0,1
"Slemen, Mr. Richard James",Male,35,0,1,0,2,0,0
"Smith, Miss Marion Elsie",Female,39,0,1,0,2,0,1
"Sobey, Mr. Samuel James Hayden",Male,25,1,0,0,2,0,0
"Stanton, Mr. Samuel Ward",Male,42,0,1,0,2,0,0
"Stokes, Mr. Philip Joseph",Male,25,1,0,0,2,0,0
"Sweet, Mr. George Frederick",Male,14,0,0,0,2,0,0
"Taylor, Mr. Percy Cornelius[72]",Male,32,0,1,0,2,0,0
"Toomey, Miss Ellen Mary",Female,48,0,1,0,2,0,1
"Troupiansky, Mr. Moses Aaron",Male,23,1,0,0,2,0,0
"Trout, Mrs. Jessie L.",Female,26,1,0,0,2,0,1
"Troutt, Miss Edwina Celia ""Winnie""",Female,27,1,0,0,2,0,1
"Turpin, Mr. William John Robert",Male,29,1,0,0,2,0,0
"Turpin, Mrs. Dorothy Ann (née Wonnacott)",Female,27,1,0,0,2,0,0
"Veal, Mr. James",Male,40,0,1,0,2,0,0
"Wallcroft, Miss Ellen ""Nellie""",Female,36,0,1,0,2,0,1
"Ware, Mr. John James",Male,45,0,1,0,2,0,0
"Ware, Mrs. Florence Louise (née Long)",Female,31,0,1,0,2,0,1
"Ware, Mr. William Jeffery",Male,23,1,0,0,2,0,0
"Watson, Mr. Ennis Hastings[72]",Male,15,1,0,0,2,0,0
"Watt, Mrs. Elizabeth Inglis ""Bessie"" (née Milne)",Female,40,0,1,0,2,0,1
"Watt, Miss Robertha Josephine ""Bertha""",Female,12,0,0,0,2,0,1
"Webber, Miss Susan",Female,37,0,1,0,2,0,1
"Weisz, Mr. Leopold",Male,28,1,0,0,2,0,0
"Weisz, Mrs. Mathilde Françoise (née Pëde)",Female,37,0,1,0,2,0,1
"Wells, Mrs. Addie Dart (née Trevaskis)",Female,29,1,0,0,2,0,1
"Wells, Miss Joan",Female,4,0,0,0,2,0,1
"Wells, Master Ralph Lester",Male,2,0,0,0,2,0,1
"West, Mr. Edwy Arthur",Male,36,0,1,0,2,0,0
"West, Mrs. Ada Mary (née Worth)[74][93]",Female,33,0,1,0,2,0,1
"West, Miss Constance Mirium",Female,4,0,0,0,2,0,1
"West, Miss Barbara Joyce",Female,0,0,0,0,2,0,1
"Wheadon, Mr. Edward H.",Male,66,0,0,1,2,0,0
"Wheeler, Mr. Edwin Charles ""Fred""",Male,24,1,0,0,2,0,0
"Whilems, Mr. Charles",Male,32,0,1,0,2,0,1
"Wilkinson, Miss Elizabeth Anne (alias Mrs. Elizabeth Faunthorpe)",Female,29,1,0,0,2,0,1
"Williams, Mr. Charles Eugene",Male,23,1,0,0,2,0,1
"Woodward, Mr. John Wesley[72]",Male,32,0,1,0,2,0,0
"Wright, Miss Marion",Female,26,1,0,0,2,0,1
"Yvois, Miss Henriette",Female,24,1,0,0,2,0,0
"Abbing, Mr. Anthony",Male,40,0,1,0,3,0,0
"Abbott, Mrs. Rhoda Mary (née Hunt)",Female,39,0,1,0,3,0,1
"Abbott, Mr. Rossmore Edward",Male,16,1,0,0,3,0,0
"Abbott, Mr. Eugene Joseph",Male,14,0,0,0,3,0,0
"Abd al-Khaliq, Mr. Farid Qasim Husayn",Male,18,1,0,0,3,0,0
"Abelseth, Miss Karen Marie",Female,16,1,0,0,3,0,1
"Abelseth, Mr. Olaus Jørgensen",Male,25,1,0,0,3,0,1
"Abrahamsson, Mr. Abraham August Johannes",Male,20,1,0,0,3,0,1
"Abrahim, Mrs. Mary Sophie Halaut (née Easu)",Female,18,1,0,0,3,0,1
"Ådahl, Mr. Mauritz",Male,30,1,0,0,3,0,0
"Adams, Mr. John",Male,26,1,0,0,3,0,0
"Ahlin, Mrs. Johanna Persdotter (née Larsson)",Female,40,0,1,0,3,0,0
"Aks, Mrs. Leah (née Rosen)",Female,21,1,0,0,3,0,1
"Aks, Master Frank Philip",Male,0,0,0,0,3,0,1
"Al-Muna, Mr. Nasif Qasim",Male,26,1,0,0,3,0,1
"Alexander, Mr. William",Male,23,1,0,0,3,0,0
"Alhomäki, Mr. Ilmari Rudolf",Male,19,1,0,0,3,0,0
"Ali, Mr. Ahmed",Male,24,1,0,0,3,0,0
"Ali, Mr. William",Male,25,1,0,0,3,0,0
"Allen, Mr. William Henry",Male,35,0,1,0,3,0,0
"Allum, Mr. Owen George",Male,15,1,0,0,3,0,0
"Al-Zainni, Mr. Fahim Ruhanna",Male,22,1,0,0,3,0,1
"Andersen, Mr. Albert Karvin",Male,33,0,1,0,3,0,0
"Andersen-Jensen, Miss Carla Christine",Female,19,1,0,0,3,0,1
"Andersson, Mr. Anders Johan",Male,39,0,1,0,3,0,0
"Andersson, Mrs. Alfrida Konstantia (née Brogren)",Female,39,0,1,0,3,0,0
"Andersson, Miss Sigrid Elisabeth",Female,11,0,0,0,3,0,0
"Andersson, Miss Ingeborg Constanzia",Female,9,0,0,0,3,0,0
"Andersson, Miss Ebba Iris Alfrida",Female,6,0,0,0,3,0,0
"Andersson, Master Sigvard Harald Elias",Male,4,0,0,0,3,0,0
"Andersson, Miss Ellis Anna Maria",Female,2,0,0,0,3,0,0
"Andersson, Miss Erna Alexandra",Female,17,1,0,0,3,0,1
"Andersson, Miss Ida Augusta Margareta",Female,38,0,1,0,3,0,0
"Andersson, Mr. Johan Samuel",Male,26,1,0,0,3,0,0
"Andreasson, Mr. Paul Edvin",Male,20,1,0,0,3,0,0
"Angheloff, Mr. Minko",Male,26,1,0,0,3,0,0
"Arnold-Franchi, Mr. Josef",Male,25,1,0,0,3,0,0
"Arnold-Franchi, Mrs. Josefine (née Franchi)",Female,18,1,0,0,3,0,0
"Aronsson, Mr. Ernst Axel Algot",Male,24,1,0,0,3,0,0
"Asim, Mr. Adola",Male,35,0,1,0,3,0,0
"Asplund, Mr. Carl Oscar Vilhelm Gustafsson",Male,40,0,1,0,3,0,0
"Asplund, Mrs. Selma Augusta Emilia (née Johansson)",Female,38,0,1,0,3,0,1
"Asplund, Master Filip Oscar",Male,13,0,0,0,3,0,0
"Asplund, Master Clarence Gustaf Hugo",Male,9,0,0,0,3,0,0
"Asplund, Master Carl Edgar",Male,5,0,0,0,3,0,0
"Asplund, Miss Lillian Gertrud",Female,5,0,0,0,3,0,1
"Asplund, Master Edvin Rojj Felix",Male,3,0,0,0,3,0,1
"Asplund, Mr. Johan Charles",Male,23,1,0,0,3,0,1
"Assaf, Mrs. Mariyam (née Khalil)",Female,45,0,1,0,3,0,1
"Assam, Mr. Ali",Male,23,1,0,0,3,0,0
"Attala, Mr. Sleiman",Male,30,1,0,0,3,0,0
"Atta Allah, Miss Malakah",Female,17,1,0,0,3,0,0
"Augustsson, Mr. Albert",Male,23,1,0,0,3,0,0
"Ayyub Dahir, Miss Bannurah",Female,15,1,0,0,3,0,1
"Bakus, Mr. Raful",Male,20,1,0,0,3,0,0
"Backström, Mr. Karl Alfred",Male,32,0,1,0,3,0,0
"Backström, Mrs. Maria Mathilda (née Gustafsson)[74][94]",Female,33,0,1,0,3,0,1
"Badman, Miss Emily Louisa",Female,18,1,0,0,3,0,1
"Badt, Mr. Mohamed",Male,40,0,1,0,3,0,0
"Bakić, Mr. Kerim",Male,26,1,0,0,3,0,0
"Banski, Mrs. Mara (née Osman)",Female,31,0,1,0,3,0,1
"Baqlini, Mrs. Mariyam Latifa (née Qurban)",Female,24,1,0,0,3,0,1
"Baqlini, Miss Mariya Katarin",Female,5,0,0,0,3,0,1
"Baqlini, Miss Eujini",Female,4,0,0,0,3,0,1
"Baqlini, Miss Hileni Barbarah",Female,0,0,0,0,3,0,1
"Barbarah, Mrs. Katarin Dawud",Female,45,0,1,0,3,0,0
"Barbarah, Miss Saidah",Female,18,1,0,0,3,0,0
"Barry, Miss Julia",Female,26,1,0,0,3,0,0
"Barton, Mr. David John",Male,22,1,0,0,3,0,0
"Beavan, Mr. William Thomas",Male,18,1,0,0,3,0,0
"Bengtsson, Mr. Johan Viktor",Male,26,1,0,0,3,0,0
"Berglund, Mr. Karl Ivar Sven",Male,22,1,0,0,3,0,0
"Betros, Mr. Tannous",Male,20,1,0,0,3,0,0
"Birkeland, Mr. Hans Martin Monsen",Male,21,1,0,0,3,0,0
"Björklund, Mr. Ernst Herbert",Male,18,1,0,0,3,0,0
"Bostandyeff, Mr. Guentcho",Male,26,1,0,0,3,0,0
"Bourke, Mr. John",Male,42,0,1,0,3,0,0
"Bourke, Mrs. Catherine (née McHugh)",Female,32,0,1,0,3,0,0
"Bourke, Miss Mary",Female,40,0,1,0,3,0,0
"Bowen, Mr. David John ""Dai""",Male,20,1,0,0,3,0,0
"Bradley, Miss Bridget Delia",Female,22,1,0,0,3,0,1
"Braf, Miss Elin Ester Maria",Female,20,1,0,0,3,0,0
"Braund, Mr. Lewis Richard",Male,29,1,0,0,3,0,0
"Braund, Mr. Owen Harris",Male,22,1,0,0,3,0,0
"Brobeck, Mr. Karl Rudolf",Male,22,1,0,0,3,0,0
"Brocklebank, Mr. William Alfred",Male,35,0,1,0,3,0,0
"Buckley, Mr. Daniel",Male,21,1,0,0,3,0,1
"Buckley, Miss Catherine",Female,22,1,0,0,3,0,0
"Bulus, Mrs. Sultanah (née Rizq)",Female,40,0,1,0,3,0,0
"Bulus, Master Akar",Male,9,0,0,0,3,0,0
"Bulus, Miss Nur-al-Ayn",Female,7,0,0,0,3,0,0
"Burke, Mr. Jeremiah",Male,19,1,0,0,3,0,0
"Burns, Miss Mary Delia",Female,17,1,0,0,3,0,0
"Butrus-Youssef, Mrs. Katarin (née Rizk)",Female,24,1,0,0,3,0,1
"Butrus-Youssef, Master Makhkhul",Male,4,0,0,0,3,0,1
"Butrus-Youssef, Miss Marianna",Female,2,0,0,0,3,0,1
"Čačić, Mr. Jego Grga",Male,18,1,0,0,3,0,0
"Čačić, Mr. Luka",Male,38,0,1,0,3,0,0
"Čačić, Miss Marija",Female,30,1,0,0,3,0,0
"Čačić, Miss Manda",Female,21,1,0,0,3,0,0
"Čalić, Mr. Jovo",Male,17,1,0,0,3,0,0
"Čalić, Mr. Petar",Male,17,1,0,0,3,0,0
"Canavan, Miss Mary",Female,22,1,0,0,3,0,0
"Canavan, Mr. Patrick ""Peter""",Male,21,1,0,0,3,0,0
"Cann, Mr. Ernest Charles",Male,21,1,0,0,3,0,0
"Caram, Mr. Joseph",Male,28,1,0,0,3,0,0
"Caram, Mrs. Maria (née Elias)",Female,18,1,0,0,3,0,0
"Carlsson, Mr. Carl Robert",Male,24,1,0,0,3,0,0
"Carlsson, Mr. August Sigfrid",Male,24,1,0,0,3,0,0
"Carr, Miss Jane",Female,47,0,1,0,3,0,0
"Carver, Mr. Alfred John",Male,28,1,0,0,3,0,0
"Celotti, Mr. Francesco",Male,24,1,0,0,3,0,0
"Chang, Mr. Chip",Male,32,0,1,0,3,0,1
"Charters, Mr. David",Male,28,1,0,0,3,0,0
"Cheong, Mr. Foo",Male,32,0,1,0,3,0,1
"Christmann, Mr. Emil",Male,29,1,0,0,3,0,0
"Chronopoulos, Mr. Apostolos",Male,26,1,0,0,3,0,0
"Chronopoulos, Mr. Dimitrios",Male,18,1,0,0,3,0,0
"Coelho, Mr. Domingos Fernandes",Male,20,1,0,0,3,0,0
"Cohen, Mr. Gershon ""Gus""",Male,18,1,0,0,3,0,1
"Colbert, Mr. Patrick",Male,24,1,0,0,3,0,0
"Coleff, Mr. Fotio",Male,24,1,0,0,3,0,0
"Coltcheff, Mr. Peju",Male,36,0,1,0,3,0,0
"Conlon, Mr. Thomas Henry",Male,31,0,1,0,3,0,0
"Connaghton, Mr. Michael",Male,31,0,1,0,3,0,0
"Connolly, Miss Catherine ""Kate""",Female,35,0,1,0,3,0,0
"Connolly, Miss Katherine ""Kate""",Female,22,1,0,0,3,0,1
"Connors, Mr. Patrick John",Male,61,0,0,1,3,0,0
"Cook, Mr. Jacob
(Kukk, Mr. Jakob?)",Male,43,0,1,0,3,0,0
"Čor, Mr. Bartol",Male,35,0,1,0,3,0,0
"Čor, Mr. Ivan",Male,27,1,0,0,3,0,0
"Čor, Mr. Liudevit",Male,19,1,0,0,3,0,0
"Corn, Mr. Henry ""Harry""",Male,30,1,0,0,3,0,0
"Corr, Miss Helen",Female,16,1,0,0,3,0,1
"Coutts, Mrs. Mary Winnie (née Trainer)",Female,36,0,1,0,3,0,1
"Coutts, Master William Loch ""Willie""",Male,9,0,0,0,3,0,1
"Coutts, Master Neville Leslie",Male,3,0,0,0,3,0,1
"Coxon, Mr. Daniel",Male,59,0,0,1,3,0,0
"Crease, Mr. Ernest James",Male,19,1,0,0,3,0,0
"Cribb, Mr. John Hatfield",Male,44,0,1,0,3,0,0
"Cribb, Miss Laura Mae",Female,16,1,0,0,3,0,1
"Čulumović, Mr. Jeso",Male,17,1,0,0,3,0,0
"Dahir, Mr. Tannous",Male,28,1,0,0,3,0,0
"Dahl, Mr. Charles Edwart",Male,45,0,1,0,3,0,1
"Dahlberg, Miss Gerda Ulrika",Female,22,1,0,0,3,0,0
"Dakić, Mr. Branko",Male,19,1,0,0,3,0,0
"Daly, Miss Margaret ""Maggie""",Female,30,1,0,0,3,0,1
"Daly, Mr. Eugene Patrick",Male,29,1,0,0,3,0,1
"Danbom, Mr. Ernst Gilbert",Male,34,0,1,0,3,0,0
"Danbom, Mrs. Anna Sigrid Maria (née Brogren)",Female,28,1,0,0,3,0,0
"Danbom, Master Gilbert Sigvard Emanuel",Male,0,0,0,0,3,0,0
"Danoff, Mr. Yoto",Male,27,1,0,0,3,0,0
"Dantcheff, Mr. Ristju",Male,25,1,0,0,3,0,0
"Davies, Mr. Evan",Male,22,1,0,0,3,0,0
"Davies, Mr. Alfred John",Male,24,1,0,0,3,0,0
"Davies, Mr. John Samuel",Male,21,1,0,0,3,0,0
"Davies, Mr. Joseph",Male,17,1,0,0,3,0,0
"Davison, Mr. Thomas Henry ""Harry""",Male,32,0,1,0,3,0,0
"Davison, Mrs. Mary Elizabeth",Female,34,0,1,0,3,0,1
"De Messemaeker, Mr. Guillaume Joseph",Male,36,0,1,0,3,0,1
"De Messemaeker, Mrs. Anna (née de Becker)",Female,36,0,1,0,3,0,1
"de Mulder, Mr. Theodoor",Male,36,0,1,0,3,0,1
"de Pelsmaeker, Mr. Alfons",Male,16,1,0,0,3,0,0
"Dean, Mr. Bertram Frank",Male,25,1,0,0,3,0,0
"Dean, Mrs. Eva Georgetta (née Light)",Female,32,0,1,0,3,0,1
"Dean, Master Bertram Vere",Male,1,0,0,0,3,0,1
"Dean, Miss Elizabeth Gladys ""Millvina""",Female,0,0,0,0,3,0,1
"Delalić, Mr. Redjo",Male,25,1,0,0,3,0,0
"Denkoff, Mr. Mitto",Male,30,1,0,0,3,0,0
"Dennis, Mr. William",Male,26,1,0,0,3,0,0
"Dennis, Mr. Samuel",Male,22,1,0,0,3,0,0
"Devaney, Miss Margaret Delia",Female,19,1,0,0,3,0,1
"Dika, Mr. Mirko",Male,17,1,0,0,3,0,0
"Dimić, Mr. Jovan",Male,42,0,1,0,3,0,0
"Dintcheff, Mr. Valtcho",Male,43,0,1,0,3,0,0
"Donohoe, Miss Bridget",Female,21,1,0,0,3,0,0
"Dooley, Mr. Patrick J.",Male,43,0,1,0,3,0,0
"Dorking, Mr. Edward Arthur",Male,18,1,0,0,3,0,1
"Doherty, Mr. William John (aka ""James Moran"")",Male,22,1,0,0,3,0,0
"Dowdell, Miss Elizabeth",Female,31,0,1,0,3,0,1
"Doyle, Miss Elizabeth",Female,24,1,0,0,3,0,0
"Draženović, Mr. Jozef",Male,33,0,1,0,3,0,0
"Dropkin, Miss Jennie",Female,24,1,0,0,3,0,1
"Duquemin, Mr. Joseph Pierre",Male,19,1,0,0,3,0,1
"Dwan, Mr. Frank",Male,65,0,0,1,3,0,0
"Dyker, Mr. Adolf Fredrik",Male,23,1,0,0,3,0,0
"Dyker, Mrs. Anna Elisabeth Judith (née Andersson)",Female,22,1,0,0,3,0,1
"Edvardsson, Mr. Gustaf Hjalmar",Male,18,1,0,0,3,0,0
"Eklund, Mr. Hans Linus",Male,16,1,0,0,3,0,0
"Ekström, Mr. Johan",Male,45,0,1,0,3,0,0
"Elias, Mr. Dibo",Male,29,1,0,0,3,0,0
"Elias, Mr. Joseph Jr.",Male,15,1,0,0,3,0,0
"Elias Nasrallah, Mr. Tannous",Male,17,1,0,0,3,0,0
"Elsbury, Mr. William James",Male,47,0,1,0,3,0,0
"Emanuel, Miss Virginia Ethel",Female,6,0,0,0,3,0,1
"Estanislau, Mr. Manuel Gonçalves",Male,37,0,1,0,3,0,0
"Everett, Mr. Thomas James",Male,39,0,1,0,3,0,0
"Fardon, Mr. Charles R.(alias Charles Franklin)",Male,38,0,1,0,3,0,0
"Farrell, Mr. James ""Jim""",Male,25,1,0,0,3,0,0
"Finoli, Mr. Luigi",Male,34,0,1,0,3,0,1
"Fischer, Mr. Eberhard Thelander",Male,18,1,0,0,3,0,0
"Fleming, Miss Honora ""Nora""",Female,22,1,0,0,3,0,0
"Flynn, Mr. James",Male,28,1,0,0,3,0,0
"Flynn, Mr. John",Male,42,0,1,0,3,0,0
"Foley, Mr. Joseph",Male,19,1,0,0,3,0,0
"Foley, Mr. William",Male,20,1,0,0,3,0,0
"Ford, Mr. Arthur",Male,22,1,0,0,3,0,0
"Ford, Mrs. Margaret Ann (née Watson)",Female,48,0,1,0,3,0,0
"Ford, Miss Dollina Margaret",Female,20,1,0,0,3,0,0
"Ford, Mr. Edward Watson",Male,18,1,0,0,3,0,0
"Ford, Mr. William Neal Thomas",Male,16,1,0,0,3,0,0
"Ford, Miss Robina Maggie",Female,7,0,0,0,3,0,0
"Fox, Mr. Patrick",Male,28,1,0,0,3,0,0
"Gallagher, Mr. Martin",Male,29,1,0,0,3,0,0
"Garfirth, Mr. John",Male,21,1,0,0,3,0,0
"Gerios Thamah, Mr. Assaf",Male,21,1,0,0,3,0,0
"Gheorgheff, Mr. Stanio",Male,29,1,0,0,3,0,0
"Gilinski, Mr. Eliezer",Male,22,1,0,0,3,0,0
"Gilnagh, Miss Mary Katherine ""Katie""",Female,17,1,0,0,3,0,1
"Glynn, Miss Mary Agatha",Female,19,1,0,0,3,0,1
"Goldsmith, Mr. Frank John",Male,33,0,1,0,3,0,0
"Goldsmith, Mrs. Emily Alice (née Brown)",Female,31,0,1,0,3,0,1
"Goldsmith, Master Frank John William",Male,9,0,0,0,3,0,1
"Goldsmith, Mr. Nathan",Male,41,0,1,0,3,0,0
"Goodwin, Mr. Frederick Joseph",Male,42,0,1,0,3,0,0
"Goodwin, Mrs. Augusta (née Tyler)",Female,43,0,1,0,3,0,0
"Goodwin, Miss Lillian Amy",Female,16,1,0,0,3,0,0
"Goodwin, Mr. Charles Edward",Male,14,0,0,0,3,0,0
"Goodwin, Master William Frederick",Male,13,0,0,0,3,0,0
"Goodwin, Miss Jessie Allis Mary",Female,12,0,0,0,3,0,0
"Goodwin, Master Harold Victor",Male,10,0,0,0,3,0,0
"Goodwin, Master Sidney Leslie",Male,1,0,0,0,3,0,0
"Green, Mr. George Henry",Male,40,0,1,0,3,0,0
"Grønnestad, Mr. Daniel Danielsen",Male,32,0,1,0,3,0,0
"Guest, Mr. Robert",Male,32,0,1,0,3,0,0
"Gustafsson, Mr. Alfred Ossian",Male,19,1,0,0,3,0,0
"Gustafsson, Mr. Anders Vilhelm",Male,37,0,1,0,3,0,0
"Gustafsson, Mr. Johan Birger",Male,28,1,0,0,3,0,0
"Gustafsson, Mr. Karl Gideon",Male,19,1,0,0,3,0,0
"Haas, Miss Aloisia",Female,24,1,0,0,3,0,0
"Hagland, Mr. Ingvald Olai Olsen",Male,28,1,0,0,3,0,0
"Hagland, Mr. Konrad Mathias Reiersen",Male,19,1,0,0,3,0,0
"Hakkarainen, Mr Pekka Pietari",Male,28,1,0,0,3,0,0
"Hakkarainen, Mrs. Elin Matilda (née Dolck)",Female,24,1,0,0,3,0,1
"Hampe, Mr. Léon Jérome",Male,19,1,0,0,3,0,0
"Hanna, Mr. Borak Suleiman",Male,27,1,0,0,3,0,1
"Hanna, Mr. Bulus",Male,18,1,0,0,3,0,0
"Hanna, Mr. Mansur",Male,35,0,1,0,3,0,0
"Hansen, Mr. Claus Peter",Male,41,0,1,0,3,0,0
"Hansen, Mrs. Jennie Louise (née Howard)",Female,45,0,1,0,3,0,1
"Hansen, Mr. Henrik Juul",Male,26,1,0,0,3,0,0
"Hansen, Mr. Henry Damsgaard",Male,21,1,0,0,3,0,0
"Hargadon, Miss Catherine ""Kate""",Female,17,1,0,0,3,0,0
"Harknett, Miss Alice Phoebe",Female,21,1,0,0,3,0,0
"Hart, Mr. Henry John",Male,27,1,0,0,3,0,0
"Healy, Miss Hanora (Nora)",Female,29,1,0,0,3,0,1
"Hedman, Mr. Oskar Arvid",Male,27,1,0,0,3,0,1
"Hegarty, Miss Hanora ""Nora""",Female,18,1,0,0,3,0,1
"Heikkinen, Miss Laina",Female,26,1,0,0,3,0,1
"Heininen, Miss Wendla Maria",Female,23,1,0,0,3,0,0
"Hellström, Miss Hilda Maria",Female,22,1,0,0,3,0,1
"Hendeković, Mr. Ignjac",Male,28,1,0,0,3,0,0
"Henriksson, Miss Jenny Lovisa",Female,28,1,0,0,3,0,0
"Henry, Miss Bridget Delia",Female,23,1,0,0,3,0,0
"Hirvonen, Mrs. Helga Elisabeth (née Lindqvist)",Female,22,1,0,0,3,0,1
"Hirvonen, Miss Hildur Elisabeth",Female,2,0,0,0,3,0,1
"Holm, Mr. Johan Fredrik Alexander",Male,43,0,1,0,3,0,0
"Holten, Mr. Johan Martin",Male,28,1,0,0,3,0,0
"Honkanen, Miss Eliina",Female,27,1,0,0,3,0,1
"Horgan, Mr. John",Male,22,1,0,0,3,0,0
"Howard, Miss May Elizabeth",Female,27,1,0,0,3,0,1
"Humblen, Mr. Adolf Mathias Nicolai Olsen",Male,42,0,1,0,3,0,0
"Husayn, Master Husayn Mahumud",Male,11,0,0,0,3,0,0
"Hyman, Mr. Solomon Abraham",Male,34,0,1,0,3,0,1
"Ilmakangas, Miss Ida Livija",Female,27,1,0,0,3,0,0
"Ilmakangas, Miss Pieta Sofia",Female,25,1,0,0,3,0,0
"Ivanoff, Mr. Kanio",Male,20,1,0,0,3,0,0
"Jabbour, Miss Hileni",Female,16,1,0,0,3,0,0
"Jabbour, Miss Tamini",Female,19,1,0,0,3,0,0
"Jalševac, Mr. Ivan",Male,29,1,0,0,3,0,1
"Jansson, Mr. Carl Olof",Male,21,1,0,0,3,0,1
"Jardim, Mr. José Neto",Male,21,1,0,0,3,0,0
"Jensen, Mr. Hans Peder",Male,20,1,0,0,3,0,0
"Jensen, Mr. Niels Peder ""Rasmus""",Male,48,0,1,0,3,0,0
"Jensen, Mr. Svend Lauritz",Male,17,1,0,0,3,0,0
"Jermyn, Miss Annie Jane",Female,26,1,0,0,3,0,1
"Jirjis, Mrs. Shaniini (née Whabee Abi-Saab)",Female,22,1,0,0,3,0,1
"Johannesen, Mr. Bernt Johannes",Male,29,1,0,0,3,0,1
"Johanson, Mr. Jakob Alfred",Male,34,0,1,0,3,0,0
"Johansson, Mr. Erik",Male,22,1,0,0,3,0,0
"Johansson, Mr. Gustaf Joel",Male,33,0,1,0,3,0,0
"Johansson, Mr. Karl Johan",Male,31,0,1,0,3,0,0
"Johansson, Mr. Nils",Male,29,1,0,0,3,0,0
"Johansson Palmquist, Mr. Oskar Leander",Male,26,1,0,0,3,0,1
"Johnson, Mr. Alfred",Male,49,0,1,0,3,0,0
"Johnson, Mrs. Elisabeth Vilhelmina (née Berg)",Female,26,1,0,0,3,0,1
"Johnson, Master Harold Theodor",Male,4,0,0,0,3,0,1
"Johnson, Miss Eleanor Ileen",Female,1,0,0,0,3,0,1
"Johnson, Mr. Malkolm Joackim",Male,33,0,1,0,3,0,0
"Johnson, Mr. William Cahoone Jr.",Male,19,1,0,0,3,0,0
"Johnston, Mr. Andrew Emslie",Male,35,0,1,0,3,0,0
"Johnston, Mrs. Elizabeth (née Watson) ""Eliza""",Female,34,0,1,0,3,0,0
"Johnston, Master William Andrew",Male,8,0,0,0,3,0,0
"Johnston, Miss Catherine Nellie",Female,7,0,0,0,3,0,0
"Jonkoff, Mr. Lalju",Male,23,1,0,0,3,0,0
"Jonsson, Mr. Carl",Male,32,0,1,0,3,0,1
"Jönsson, Mr. Nils Hilding",Male,27,1,0,0,3,0,0
"Jussila, Mr. Eiriik",Male,32,0,1,0,3,0,1
"Jussila, Miss Katriina",Female,20,1,0,0,3,0,0
"Jussila, Miss Mari Aina",Female,21,1,0,0,3,0,0
"Kallio, Mr. Nikolai Erlantti",Male,17,1,0,0,3,0,0
"Kalvik, Mr. Johannes Halvorsen",Male,21,1,0,0,3,0,0
"Karajić, Mr. Milan",Male,30,1,0,0,3,0,0
"Karlsson, Mr. Einar Gervasius",Male,21,1,0,0,3,0,1
"Karlsson, Mr. Julius Konrad Eugen",Male,33,0,1,0,3,0,0
"Karlsson, Mr. Nils August",Male,22,1,0,0,3,0,0
"Karun, Mr. Franz",Male,39,0,1,0,3,0,1
"Karun, Miss Manca (""Anna"")",Female,4,0,0,0,3,0,1
"Katavolos, Mr. Vassilios G.",Male,19,1,0,0,3,0,0
"Keane, Mr. Andrew ""Andy""",Male,23,1,0,0,3,0,0
"Keefe, Mr. Arthur",Male,39,0,1,0,3,0,0
"Kelly, Mr. James",Male,19,1,0,0,3,0,0
"Kelly, Mr. James",Male,44,0,1,0,3,0,0
"Kelly, Miss Anna Katherine",Female,20,1,0,0,3,0,1
"Kelly, Miss Mary",Female,22,1,0,0,3,0,1
"Kennedy, Mr. John Joseph",Male,24,1,0,0,3,0,1
"Khalil-Khoury, Mr. Butrus",Male,25,1,0,0,3,0,0
"Khalil-Khoury, Mrs. Zahie ""Maria""",Female,20,1,0,0,3,0,0
"Kiernan, Mr. John Joseph",Male,24,1,0,0,3,0,0
"Kiernan, Mr. Philip",Male,22,1,0,0,3,0,0
"Kilgannon, Mr. Thomas",Male,22,1,0,0,3,0,0
"Kink, Mr. Anton",Male,29,1,0,0,3,0,1
"Kink, Mrs. Luise (née Heilmann)",Female,26,1,0,0,3,0,1
"Kink, Miss Luise Gretchen",Female,4,0,0,0,3,0,1
"Kink, Miss Maria",Female,22,1,0,0,3,0,0
"Kink, Mr. Vincenz",Male,26,1,0,0,3,0,0
"Klasén, Mrs. Hulda Kristina Eugenia (née Lofqvist)",Female,36,0,1,0,3,0,0
"Klasén, Mr. Klas Albin",Male,18,1,0,0,3,0,0
"Klasén, Miss Gertrud Emilia",Female,1,0,0,0,3,0,0
"Kraeff, Mr. Theodor",Male,29,1,0,0,3,0,0
"Krekorian, Mr. Neshan",Male,25,1,0,0,3,0,1
"Kutscher, Mr. Simon",Male,26,1,0,0,3,0,0
"Lahoud Ishaq Mowad, Mr. Sarkis",Male,30,1,0,0,3,0,0
"Laitinen, Miss Kristiina Sofia",Female,37,0,1,0,3,0,0
"Laleff, Mr. Kristo",Male,23,1,0,0,3,0,0
"Lam, Mr. Ali",Male,37,0,1,0,3,0,1
"Lam, Mr. Len",Male,23,1,0,0,3,0,0
"Landergren, Miss Aurora Adelia",Female,22,1,0,0,3,0,1
"Lane, Mr. Patrick",Male,16,1,0,0,3,0,0
"Lang, Mr. Fang",Male,26,1,0,0,3,0,1
"Larsson, Mr. August Viktor",Male,29,1,0,0,3,0,0
"Larsson, Mr. Bengt Edvin",Male,29,1,0,0,3,0,0
"Larsson-Rondberg, Mr. Edvard A.",Male,22,1,0,0,3,0,0
"Lee, Mr. Bing",Male,32,0,1,0,3,0,1
"Lee, Mr. Ling",Male,28,1,0,0,3,0,0
"Lefebvre, Mrs. Frances Marie-Anselme (née Daumont)",Female,40,0,1,0,3,0,0
"Lefebvre, Miss Mathilde Franck-Marie-Joseph",Female,12,0,0,0,3,0,0
"Lefebvre, Miss Jeannie Franck-Marie-Joseph",Female,8,0,0,0,3,0,0
"Lefebvre, Master Henri Franck-Marie-Joseph",Male,5,0,0,0,3,0,0
"Lefebvre, Miss Ida Franck-Marie-Joseph",Female,3,0,0,0,3,0,0
"Leinonen, Mr. Antti Gustaf",Male,32,0,1,0,3,0,0
"Lennon, Mr. Denis",Male,20,1,0,0,3,0,0
"Lennon, Miss Mary",Female,18,1,0,0,3,0,0
"Leonard, Mr. Lionel",Male,36,0,1,0,3,0,0
"Lester, Mr. James",Male,39,0,1,0,3,0,0
"Lievens, Mr. René Gustave Aimé",Male,24,1,0,0,3,0,0
"Lindahl, Miss Agda Thorilda Viktoria",Female,25,1,0,0,3,0,0
"Lindblom, Miss Augusta Charlotta",Female,45,0,1,0,3,0,0
"Lindell, Mr. Edvard Bengtsson",Male,36,0,1,0,3,0,0
"Lindell, Mrs. Elin Gerda (née Persson)",Female,30,1,0,0,3,0,0
"Lindqvist, Mr. Eino William",Male,20,1,0,0,3,0,1
"Linehan, Mr. Michael",Male,21,1,0,0,3,0,0
"Ling, Mr. Lee",Male,24,1,0,0,3,0,0
"Linhart, Mr. Wenzel H.",Male,27,1,0,0,3,0,0
"Livshin, Mr. David (""Abraham Harmer"")",Male,25,1,0,0,3,0,0
"Lobb, Mr. William Arthur",Male,30,1,0,0,3,0,0
"Lobb, Mrs. Cordelia K. (née Stanlick)",Female,26,1,0,0,3,0,0
"Lockyer, Mr. Edward Thomas",Male,21,1,0,0,3,0,0
"Lovell, Mr. John Hall (""Henry"")",Male,20,1,0,0,3,0,0
"Lulić, Mr. Nikola",Male,29,1,0,0,3,0,1
"Lundahl, Mr. Johan Svensson",Male,51,0,0,1,3,0,0
"Lundström, Mr. Thure Edvin",Male,32,0,1,0,3,0,1
"Lymperopoulus, Mr. Panagiotis K.",Male,30,1,0,0,3,0,0
"Lyntakoff, Mr. Stanko",Male,44,0,1,0,3,0,0
"Mackay, Mr. George William",Male,20,1,0,0,3,0,0
"Madigan, Miss Margaret ""Maggie""",Female,21,1,0,0,3,0,1
"Madsen, Mr. Fridtjof Arne",Male,24,1,0,0,3,0,1
"Mäenpää, Mr. Matti Alexanteri",Male,22,1,0,0,3,0,0
"Mahon, Miss Bridget Delia",Female,20,1,0,0,3,0,0
"Maisner, Mr. Simon",Male,34,0,1,0,3,0,0
"Mäkinen, Mr. Kalle Edvard",Male,29,1,0,0,3,0,0
"Mamee, Mr. Hanna",Male,20,1,0,0,3,0,1
"Mangan, Miss Mary",Female,32,0,1,0,3,0,0
"Mannion, Miss Margaret",Female,28,1,0,0,3,0,1
"Mardirosian, Mr. Sarkis",Male,25,1,0,0,3,0,0
"Marinko, Mr. Dmitri",Male,23,1,0,0,3,0,0
"Markoff, Mr. Marin",Male,35,0,1,0,3,0,0
"Markun, Mr. Johann",Male,33,0,1,0,3,0,0
"Matinoff, Mr. Nicola",Male,30,1,0,0,3,0,0
"McCarthy, Miss Catherine ""Katie""",Female,24,1,0,0,3,0,1
"McCormack, Mr. Thomas Joseph",Male,19,1,0,0,3,0,1
"McCoy, Miss Catherine Agnes",Female,29,1,0,0,3,0,1
"McCoy, Miss Alice",Female,26,1,0,0,3,0,1
"McCoy, Mr. Bernard",Male,24,1,0,0,3,0,1
"McDermott, Miss Bridget Delia",Female,31,0,1,0,3,0,1
"McEvoy, Mr. Michael",Male,19,1,0,0,3,0,0
"McGovern, Miss Mary",Female,22,1,0,0,3,0,1
"McGowan, Miss Anna F. ""Annie""",Female,17,1,0,0,3,0,1
"McGowan, Miss Catherine",Female,42,0,1,0,3,0,0
"McMahon, Mr. Martin",Male,20,1,0,0,3,0,0
"McNamee, Mr. Neal",Male,27,1,0,0,3,0,0
"McNamee, Mrs. Eileen (née O'Leary)",Female,19,1,0,0,3,0,0
"McNeill, Miss Bridget",Female,27,1,0,0,3,0,0
"Meanwell, Mrs. Mary Ann",Female,63,0,0,1,3,0,0
"Meehan, Mr. John",Male,22,1,0,0,3,0,0
"Meek, Mrs. Anna ""Annie"" Louise Rowley",Female,31,0,1,0,3,0,0
"Miesnere, Mr. Simon",Male,34,0,1,0,3,0,0
"Meo-Martino, Mr. Alfonzo",Male,48,0,1,0,3,0,0
"Mernagh, Mr. John Robert",Male,26,1,0,0,3,0,0
"Midtsjø, Mr. Karl Albert",Male,21,1,0,0,3,0,1
"Mihoff, Mr. Stoytcho",Male,28,1,0,0,3,0,0
"Miles, Mr. Frank",Male,23,1,0,0,3,0,0
"Mineff, Mr. Ivan",Male,24,1,0,0,3,0,0
"Minkoff, Mr. Lazar",Male,21,1,0,0,3,0,0
"Mitkoff, Mr. Mito",Male,23,1,0,0,3,0,0
"Mockler, Miss Ellen Mary",Female,23,1,0,0,3,0,1
"Moen, Mr. Sigurd Hansen",Male,25,1,0,0,3,0,0
"Moor, Mrs. Beila",Female,29,1,0,0,3,0,1
"Moor, Master Meier",Male,7,0,0,0,3,0,1
"Moore, Mr. Leonard Charles",Male,19,1,0,0,3,0,0
"Moran, Miss Bertha Bridget",Female,28,1,0,0,3,0,1
"Moran, Mr. Daniel James",Male,27,1,0,0,3,0,0
"Morley, Mr. William",Male,34,0,1,0,3,0,0
"Morrow, Mr. Thomas Rowan",Male,30,1,0,0,3,0,0
"Moss, Mr. Albert Johan",Male,29,1,0,0,3,0,1
"Moussa, Mrs. Mantoura",Female,35,0,1,0,3,0,1
"Moutal, Mr. Rahamin Haim",Male,28,1,0,0,3,0,0
"Mubarik, Mrs. Amanah Fa'ud (née Iskandar)",Female,24,1,0,0,3,0,1
"Mubarik, Master Gerios",Male,7,0,0,0,3,0,1
"Mubarik, Master Halim Gonios",Male,4,0,0,0,3,0,1
"Mullen, Miss Katherine ""Katie""",Female,19,1,0,0,3,0,1
"Mulvihill, Miss Bridget Elizabeth ""Bertha""",Female,25,1,0,0,3,0,1
"Murdlin, Mr. Joseph",Male,22,1,0,0,3,0,0
"Murphy, Miss Catherine ""Kate""",Female,18,1,0,0,3,0,1
"Murphy, Miss Margaret Jane ""Maggie/Mary""",Female,25,1,0,0,3,0,1
"Murphy, Miss Nora",Female,34,0,1,0,3,0,1
"Muslamani, Mrs. Fatimah",Female,22,1,0,0,3,0,1
"Myhrman, Mr. Pehr Fabian Oliver Malkolm",Male,18,1,0,0,3,0,0
"Nackid, Mr. Sahid",Male,20,1,0,0,3,0,1
"Nackid, Miss Waika ""Mary"" (née Mowad)",Female,19,1,0,0,3,0,1
"Nackid, Miss Maria",Female,1,0,0,0,3,0,1
"Naidenoff, Mr. Penko",Male,22,1,0,0,3,0,0
"Nakli-Khoury, Mr. Toufik",Male,17,1,0,0,3,0,0
"Nancarrow, Mr. William Henry",Male,33,0,1,0,3,0,0
"Nankoff, Mr. Minko",Male,32,0,1,0,3,0,0
"Nasr Alma, Mr. Mustafa",Male,20,1,0,0,3,0,0
"Nassr Rizq, Mr. Saade",Male,20,1,0,0,3,0,0
"Naughton, Miss Hannah",Female,21,1,0,0,3,0,0
"Nenkoff, Mr. Christo",Male,22,1,0,0,3,0,0
"Nieminen, Miss Manta Josefiina",Female,29,1,0,0,3,0,0
"Niklasson, Mr. Samuel",Male,28,1,0,0,3,0,0
"Nilsson, Mr. August Ferdinand",Male,21,1,0,0,3,0,0
"Nilsson, Miss Berta Olivia",Female,18,1,0,0,3,0,1
"Nilsson, Miss Helmina Josefina",Female,26,1,0,0,3,0,1
"Niqula-Yarid, Miss Jamilah",Female,14,0,0,0,3,0,1
"Niqula-Yarid, Master Ilyas",Male,12,0,0,0,3,0,1
"Nirva, Mr. Iisakki Antino Äijö",Male,41,0,1,0,3,0,0
"Niskanen, Mr. Juha",Male,39,0,1,0,3,0,1
"Nofal, Mr. Mansur",Male,20,1,0,0,3,0,0
"Nosworthy, Mr. Richard Cater",Male,21,1,0,0,3,0,0
"Nysten, Miss Anna Sofia",Female,22,1,0,0,3,0,1
"Nysveen, Mr. Johan Hansen",Male,61,0,0,1,3,0,0
"O'Brien, Mr. Thomas",Male,27,1,0,0,3,0,0
"O'Brien, Mrs. Johanna ""Hannah"" (née Godfrey)",Female,26,1,0,0,3,0,1
"O'Brien, Mr. Timothy",Male,21,1,0,0,3,0,0
"O'Connell, Mr. Patrick Denis",Male,17,1,0,0,3,0,0
"O'Connor, Mr. Maurice",Male,16,1,0,0,3,0,0
"O'Connor, Mr. Patrick",Male,23,1,0,0,3,0,0
"O'Driscoll, Miss Bridget",Female,24,1,0,0,3,0,1
"O'Dwyer, Miss Ellen ""Nellie""",Female,25,1,0,0,3,0,1
"O'Keefe, Mr. Patrick",Male,22,1,0,0,3,0,1
"O'Leary, Miss Hanora ""Nora""",Female,16,1,0,0,3,0,1
"O'Sullivan, Miss Bridget Mary",Female,21,1,0,0,3,0,0
"Ödahl, Mr. Nils Martin",Male,23,1,0,0,3,0,0
"Öhman, Miss Velin",Female,22,1,0,0,3,0,1
"Olsen, Mr. Henry Margido",Male,28,1,0,0,3,0,0
"Olsen, Mr. Karl Siegwart Andreas",Male,42,0,1,0,3,0,0
"Olsen, Master Arthur Carl",Male,9,0,0,0,3,0,1
"Olsen, Mr. Ole Martin",Male,27,1,0,0,3,0,0
"Olsson, Miss Elina",Female,31,0,1,0,3,0,0
"Olsson, Mr. Nils Johan Göransson",Male,28,1,0,0,3,0,0
"Olsson, Mr. Oskar Wilhelm",Male,32,0,1,0,3,0,1
"Olsvingen, Mr. Thor Andersen",Male,20,1,0,0,3,0,0
"Orešković, Miss Jelka",Female,23,1,0,0,3,0,0
"Orešković, Mr. Luka",Male,20,1,0,0,3,0,0
"Orešković, Miss Marija",Female,20,1,0,0,3,0,0
"Osén, Mr. Olaf Elon",Male,16,1,0,0,3,0,0
"Pålsson, Mrs. Alma Cornelia (née Berglund)",Female,29,1,0,0,3,0,0
"Pålsson, Miss Torborg Danira",Female,8,0,0,0,3,0,0
"Pålsson, Master Paul Folke",Male,6,0,0,0,3,0,0
"Pålsson, Miss Stina Viola",Female,3,0,0,0,3,0,0
"Pålsson, Master Gösta Leonard",Male,2,0,0,0,3,0,0
"., Mrs. Maija Emelia Abrahamintytar (née Ketola-Ojala)",Female,41,0,1,0,3,0,0
"Panula, Mr. Ernesti Arvid",Male,16,1,0,0,3,0,0
"Panula, Mr. Jaakko Arnold",Male,15,1,0,0,3,0,0
"Panula, Master Juha Niilo",Male,7,0,0,0,3,0,0
"Panula, Master Urho Aaprami",Male,2,0,0,0,3,0,0
"Panula, Master Eino Viljami",Male,1,0,0,0,3,0,0
"Pašič, Mr. Jakov",Male,21,1,0,0,3,0,0
"Patchett, Mr. George",Male,19,1,0,0,3,0,0
"Pavlović, Mr. Štefo",Male,32,0,1,0,3,0,0
"Peacock, Mrs. Edith (née Nile)",Female,26,1,0,0,3,0,0
"Peacock, Miss Treasteall",Female,4,0,0,0,3,0,0
"Peacock, Master Albert Edward",Male,0,0,0,0,3,0,0
"Pearce, Mr. Ernest",Male,32,0,1,0,3,0,0
"Pedersen, Mr. Olaf",Male,28,1,0,0,3,0,0
"Peduzzi, Mr. Giuseppe",Male,24,1,0,0,3,0,0
"Pekoniemi, Mr. Edvard Johannes",Male,21,1,0,0,3,0,0
"Peltomäki, Mr. Nikolai Johannes",Male,25,1,0,0,3,0,0
"Perkin, Mr. John Henry",Male,22,1,0,0,3,0,0
"Persson, Mr. Ernst Ulrik",Male,25,1,0,0,3,0,1
"Peters, Miss Catherine ""Katie""",Female,26,1,0,0,3,0,0
"Petranec, Miss Matilda",Female,28,1,0,0,3,0,0
"Petroff, Mr. Nadjalko",Male,19,1,0,0,3,0,0
"Petroff, Mr. Pastcho",Male,29,1,0,0,3,0,0
"Pettersson, Miss Ellen Natalia",Female,18,1,0,0,3,0,0
"Pettersson, Mr. Johan Emil",Male,25,1,0,0,3,0,0
"Pickard, Mr. Berk (Trembisky)",Male,32,0,1,0,3,0,1
"Plotcharsky, Mr. Vasil",Male,27,1,0,0,3,0,0
"Pocrnić, Mr. Mate",Male,17,1,0,0,3,0,0
"Pocrnić, Mr. Tome",Male,24,1,0,0,3,0,0
"Pullner, Mr. Uscher",Male,16,1,0,0,3,0,0
"Radeff, Mr. Alexander",Male,27,1,0,0,3,0,0
"Rasmussen, Mrs. Lena Jakobsen (née Solvang)",Female,62,0,0,1,3,0,0
"Razi, Mr. Raihed",Male,30,1,0,0,3,0,0
"Reed, Mr. James George",Male,19,1,0,0,3,0,0
"Rekić, Mr. Tido",Male,38,0,1,0,3,0,0
"Reynolds, Mr. Harold J.",Male,21,1,0,0,3,0,0
"Rice, Mrs. Margaret (née Norton)",Female,39,0,1,0,3,0,0
"Rice, Master Albert",Male,10,0,0,0,3,0,0
"Rice, Master George Hugh",Male,8,0,0,0,3,0,0
"Rice, Master Frederick Thomas ""Eric""",Male,7,0,0,0,3,0,0
"Rice, Master Arthur",Male,4,0,0,0,3,0,0
"Rice, Master Eugene Francis",Male,2,0,0,0,3,0,0
"Riihivuori, Miss Susanna Juhantytär ""Sanni""",Female,22,1,0,0,3,0,0
"Rintamäki, Mr. Matti",Male,35,0,1,0,3,0,0
"Riordan, Miss Hannah",Female,18,1,0,0,3,0,1
"Risien, Mr. Samuel Beard",Male,69,0,0,1,3,0,0
"Risien, Mrs. Emma Jane (née Lellyet)",Female,58,0,0,1,3,0,0
"Robins, Mr. Alexander A.",Male,50,0,1,0,3,0,0
"Robins, Mrs. Grace Charity (née Laury)",Female,47,0,1,0,3,0,0
"Rogers, Mr. William John",Male,29,1,0,0,3,0,0
"Rommetvedt, Mr. Knud Paust",Male,49,0,1,0,3,0,0
"Rosblom, Mrs. Helena Wilhelmina",Female,41,0,1,0,3,0,0
"Rosblom, Mr. Viktor Rickard",Male,18,1,0,0,3,0,0
"Rosblom, Miss Salli Helena",Female,2,0,0,0,3,0,0
"Roth, Miss Sarah A.",Female,26,1,0,0,3,0,1
"Rouse, Mr. Richard Henry",Male,50,0,1,0,3,0,0
"Rush, Mr. Alfred George John",Male,16,1,0,0,3,0,0
"Ryan, Mr. Edward",Male,24,1,0,0,3,0,1
"Ryan, Mr. Patrick",Male,29,1,0,0,3,0,0
"Sæther, Mr. Simon Sivertsen",Male,43,0,1,0,3,0,0
"Saad, Mr. Amin",Male,30,1,0,0,3,0,0
"Saad, Mr. Khalil",Male,25,1,0,0,3,0,0
"Sadlier, Mr. Matthew",Male,20,1,0,0,3,0,0
"Sadowitz, Mr. Harry",Male,17,1,0,0,3,0,0
"Sage, Mr. John George",Male,44,0,1,0,3,0,0
"Sage, Mrs. Annie Elizabeth (née Cazaly)",Female,44,0,1,0,3,0,0
"Sage, Miss Stella Anne",Female,20,1,0,0,3,0,0
"Sage, Mr. George John",Male,19,1,0,0,3,0,0
"Sage, Mr. Douglas Bullen",Male,18,1,0,0,3,0,0
"Sage, Mr. Frederick",Male,16,1,0,0,3,0,0
"Sage, Miss Dorothy Florence ""Dolly""",Female,14,0,0,0,3,0,0
"Sage, Master Anthony William ""Will""",Male,13,0,0,0,3,0,0
"Sage, Miss Elizabeth Ada",Female,10,0,0,0,3,0,0
"Sage, Miss Constance Gladys",Female,7,0,0,0,3,0,0
"Sage, Master Thomas Henry",Male,4,0,0,0,3,0,0
"Salander, Mr. Karl Johan",Male,24,1,0,0,3,0,0
"Salkjelsvik, Miss Anna Kristine",Female,21,1,0,0,3,0,1
"Salonen, Mr. Johan Verner",Male,39,0,1,0,3,0,0
"Sa'maan, Master Butrus",Male,10,0,0,0,3,0,0
"Sa'maan, Mr. Hanna Ilyas",Male,40,0,1,0,3,0,0
"Sa'maan, Mr. Ilyas",Male,17,1,0,0,3,0,0
"Sa'maan, Mr. Youssef Omar ""Joseph""",Male,16,1,0,0,3,0,0
"Sandström, Mrs. Agnes Charlotta (née Bengtsson)",Female,24,1,0,0,3,0,1
"Sandström, Miss Marguerite Rut",Female,4,0,0,0,3,0,1
"Sandström, Miss Beatrice Irene",Female,1,0,0,0,3,0,1
"Sap, Mr. Julius (Jules)",Male,21,1,0,0,3,0,1
"Saundercock, Mr. William Henry",Male,19,1,0,0,3,0,0
"Sawyer, Mr. Frederick Charles",Male,33,0,1,0,3,0,0
"Scanlan, Mr. James",Male,22,1,0,0,3,0,0
"Scheerlinck, Mr. Jean Baptiste",Male,29,1,0,0,3,0,1
"Sdycoff, Mr. Theodor",Male,42,0,1,0,3,0,0
"Shaughnessy, Mr. Patrick",Male,24,1,0,0,3,0,0
"Shawah, Mr. Yousseff Ibrahim",Male,33,0,1,0,3,0,0
"Shadid, Mr. Dahir Abu",Male,19,1,0,0,3,0,0
"Shellard, Mr. Frederick William Blainey",Male,55,0,0,1,3,0,0
"Shihab, Mr. Amir Faris",Male,25,1,0,0,3,0,0
"Shine, Miss Ellen Natalia",Female,20,1,0,0,3,0,1
"Shorney, Mr. Charles Joseph",Male,22,1,0,0,3,0,0
"Simmons, Mr. John",Male,39,0,1,0,3,0,0
"Sirkanian, Mr. Arsun",Male,22,1,0,0,3,0,0
"Sirota, Mr. Maurice",Male,20,1,0,0,3,0,0
"Sivić, Mr. Husein",Male,40,0,1,0,3,0,0
"Sivola, Mr. Antti Vilhelmi",Male,21,1,0,0,3,0,0
"Sjöblom, Miss Anna Sofiia",Female,18,1,0,0,3,0,1
"Skoog, Mr. Wilhelm Johansson",Male,40,0,1,0,3,0,0
"Skoog, Mrs. Anna Bernhardina (née Karlsson)",Female,43,0,1,0,3,0,0
"Skoog, Master Karl Thorsten",Male,11,0,0,0,3,0,0
"Skoog, Miss Mabel",Female,9,0,0,0,3,0,0
"Skoog, Master Harald",Male,5,0,0,0,3,0,0
"Skoog, Miss Margit Elizabeth",Female,2,0,0,0,3,0,0
"Slabenoff, Mr. Peko",Male,42,0,1,0,3,0,0
"Slocovski, Mr. Selman Francis",Male,20,1,0,0,3,0,0
"Smiljanić, Mr. Jakob Mile",Male,37,0,1,0,3,0,0
"Smyth, Mr. Thomas",Male,26,1,0,0,3,0,0
"Smyth, Miss Julia",Female,17,1,0,0,3,0,1
"Søholt, Mr. Peter Andreas Lauritz Andersen",Male,19,1,0,0,3,0,0
"Somerton, Mr. Francis William",Male,30,1,0,0,3,0,0
"Spector, Mr. Woolf",Male,23,1,0,0,3,0,0
"Spinner, Mr. Henry John",Male,32,0,1,0,3,0,0
"Staneff, Mr. Ivan",Male,23,1,0,0,3,0,0
"Stanković, Mr. Ivan",Male,33,0,1,0,3,0,0
"Stanley, Miss Amy Zillah Elsie",Female,24,1,0,0,3,0,1
"Stanley, Mr. Edward Rowland",Male,21,1,0,0,3,0,0
"Storey, Mr. Thomas",Male,51,0,0,1,3,0,0
"Stoytcheff, Mr. Ilia",Male,19,1,0,0,3,0,0
"Strandberg, Miss Ida Sofia",Female,22,1,0,0,3,0,0
"Strandén, Mr. Juho Niilonpoika",Male,31,0,1,0,3,0,1
"Strilić, Mr. Ivan",Male,27,1,0,0,3,0,0
"Ström, Mrs. Elna Matilda (née Persson)",Female,29,1,0,0,3,0,0
"Ström, Miss Thelma Matilda Wilhelmina",Female,2,0,0,0,3,0,0
"Sunderland, Mr. Victor Francis",Male,20,1,0,0,3,0,1
"Sundman, Mr. Johan Julian",Male,44,0,1,0,3,0,1
"Sutehall Jr., Mr. Henry",Male,25,1,0,0,3,0,0
"Svensson, Mr. Johan",Male,74,0,0,1,3,0,0
"Svensson, Mr. Johan Cervin",Male,14,0,0,0,3,0,1
"Svensson, Mr. Olof",Male,24,1,0,0,3,0,0
"Tenglin, Mr. Gunnar Isidor",Male,25,1,0,0,3,0,1
"Theobald, Mr. Thomas Leonard",Male,34,0,1,0,3,0,0
"Tannous, Mr. Bashir (Charles)",Male,31,0,1,0,3,0,0
"Tannous, Mrs. Thamini Khoury Fa'ud ""Thelma""",Female,16,1,0,0,3,0,1
"Tannous, Master As'ad Iskandar Fa'ud",Male,0,0,0,0,3,0,1
"Thomas, Mr. John",Male,34,0,1,0,3,0,0
"Thomas, Mr. Tannous John",Male,16,1,0,0,3,0,0
"Thompson, Mr. Alexander Morrison",Male,36,0,1,0,3,0,0
"Thorneycroft, Mr. Percival Thomas",Male,36,0,1,0,3,0,0
"Thorneycroft, Mrs. Florence Kate (née Stears)",Female,32,0,1,0,3,0,1
"Tikkanen, Mr. Juho",Male,32,0,1,0,3,0,0
"Tobin, Mr. Roger",Male,20,1,0,0,3,0,0
"Todoroff, Mr. Lalio",Male,23,1,0,0,3,0,0
"Tomlin, Mr. Ernest Portage",Male,22,1,0,0,3,0,0
"Törber, Mr. Ernst Wilhelm",Male,44,0,1,0,3,0,0
"Torfa, Mr. Assad",Male,20,1,0,0,3,0,0
"Törnquist, Mr. William Henry",Male,25,1,0,0,3,0,1
"Touma, Mrs. Hanna Youssef (née Razi)",Female,27,1,0,0,3,0,1
"Touma, Miss Marianna Youssef",Female,9,0,0,0,3,0,1
"Touma, Master Gerios (George) Youssef",Male,8,0,0,0,3,0,1
"Turčin, Mr. Stjepan",Male,36,0,1,0,3,0,0
"Turja, Miss Anna Sofiia",Female,18,1,0,0,3,0,1
"Turkula, Mrs. Hedvig",Female,63,0,0,1,3,0,1
"Van Billiard, Mr. Austin Blyler",Male,35,0,1,0,3,0,0
"Van Billiard, Master James William",Male,10,0,0,0,3,0,0
"Van Billiard, Master Walter John",Male,9,0,0,0,3,0,0
"Van de Velde, Mr. Johannes Josef",Male,35,0,1,0,3,0,0
"Van den Steen, Mr. Leo Peter",Male,28,1,0,0,3,0,0
"Van Impe, Mr. Jean-Baptiste",Male,36,0,1,0,3,0,0
"Van Impe, Mrs. Rosalie Paula (née Govaert)",Female,30,1,0,0,3,0,0
"Van Impe, Miss Catharina",Female,10,0,0,0,3,0,0
"Van Melkebeke, Mr. Philemon Edmund",Male,23,1,0,0,3,0,0
"Vandercruyssen, Mr. Victor",Male,46,0,1,0,3,0,0
"Vanderplancke, Mr. Julius",Male,31,0,1,0,3,0,0
"Vanderplancke, Mrs. Emelie Maria (née Vandemoortele)",Female,31,0,1,0,3,0,0
"Vanderplancke, Miss Augusta Maria",Female,18,1,0,0,3,0,0
"Vanderplancke, Mr. Leo Edmondus",Male,15,1,0,0,3,0,0
"Van de Walle, Mr. Nestor Cyriel",Male,28,1,0,0,3,0,0
"Vartanian, Mr. Davit",Male,22,1,0,0,3,0,1
"Vendel, Mr. Olof Edvin",Male,29,1,0,0,3,0,0
"Veström, Miss Hulda Amanda Adolfina",Female,14,0,0,0,3,0,0
"Vovk, Mr. Janko",Male,21,1,0,0,3,0,0
"Waelens, Mr. Achille",Male,22,1,0,0,3,0,0
"Ware, Mr. Frederick William",Male,34,0,1,0,3,0,0
"Warren, Mr. Charles William",Male,30,1,0,0,3,0,0
"Wazni, Mr. Yousif Ahmed",Male,25,1,0,0,3,0,0
"Webber, Mr. James",Male,66,0,0,1,3,0,0
"Wennerström, Mr. August Edvard Andersson",Male,27,1,0,0,3,0,1
"Widegren, Mr. Carl Peter",Male,51,0,0,1,3,0,0
"Wiklund, Mr. Jakob Alfred",Male,18,1,0,0,3,0,0
"Wiklund, Mr. Karl Johan",Male,21,1,0,0,3,0,0
"Wilkes, Mrs. Ellen",Female,47,0,1,0,3,0,1
"Willer, Mr. Aaron",Male,37,0,1,0,3,0,0
"Willey, Mr. Edward",Male,18,1,0,0,3,0,0
"Williams, Mr. Howard Hugh ""Harry""",Male,28,1,0,0,3,0,0
"Williams, Mr. Leslie",Male,28,1,0,0,3,0,0
"Windeløv, Mr. Einar",Male,21,1,0,0,3,0,0
"Wirz, Mr. Albert",Male,27,1,0,0,3,0,0
"Wiseman, Mr. Phillippe",Male,54,0,0,1,3,0,0
"Wittevrongel, Mr. Camilius Aloysius",Male,36,0,1,0,3,0,0
"Yasbak, Mr. Antun",Male,27,1,0,0,3,0,0
"Yasbak, Mrs. Silanah Fa'ud (née Iskandar)",Female,15,1,0,0,3,0,1
"Ylieff, Mr. Ylio",Male,32,0,1,0,3,0,0
"Youssef, Mr. Gerios (Abi Saab)",Male,26,1,0,0,3,0,0
"Youssef, Mr. Gerios (Sam'aan)",Male,45,0,1,0,3,0,0
"Zajib Qiyamah, Miss Adal ""Jane""",Female,15,1,0,0,3,0,1
"Zakarian, Mr. Haroutyun Der",Male,27,1,0,0,3,0,0
"Zakarian, Mr. Mapri Der",Male,22,1,0,0,3,0,0
"Zimmermann, Mr. Leo",Male,29,1,0,0,3,0,0